Date,Investigator,CH,[Tubulin] $(\mu M)$,[DCX] $(\mu M)$,Length $(\mu m)$,Lifetime $(min)$,Growth Rate $(\mu m / min)$,Time to Nucleate $(min)$,Shrink Length $(\mu m)$,Shrink Lifetime $(min)$,Shrink Rate $(\mu m / min)$,Rescues,DCX Type
2020-03-04,Sofia,12,7.0,0.0,1.7723999999999998,3.0276666666666667,0.5854012991302432,4.61475,1.7723999999999998,0.09766666666666668,18.14744027303754,False,None
2020-03-04,Sofia,12,7.0,0.0,3.8613,5.371666666666667,0.7188271796462922,0.41508333333333336,3.9879,0.19533333333333333,20.41587030716724,False,None
2020-03-04,Sofia,12,7.0,0.0,1.6458,2.2463333333333333,0.7326606321412672,1.09875,1.7090999999999998,0.09766666666666668,17.499317406143344,False,None
2020-03-04,Sofia,12,7.0,0.0,2.532,4.199666666666666,0.602904992459719,0.8057500000000001,2.532,0.19533333333333333,12.962457337883961,False,None
2020-03-04,Sofia,12,7.0,0.0,2.9751,3.8089999999999997,0.7810711472827513,19.948416666666667,2.9751,0.09766666666666668,30.461774744027306,False,None
2020-03-04,Sofia,12,7.0,0.0,2.532,4.297333333333333,0.5892026062674527,8.912083333333333,2.532,0.09766666666666668,25.924914675767923,False,None
2020-03-04,Sofia,12,7.0,0.0,5.3805,7.129666666666667,0.7546636121370797,0.51275,5.2539,0.29300000000000004,17.931399317406143,False,None
2020-03-04,Sofia,12,7.0,0.0,4.6209,7.227333333333334,0.639364449774006,3.052083333333333,4.8108,0.09766666666666668,49.25733788395904,False,None
2020-03-04,Sofia,12,7.0,0.0,7.659299999999999,10.157333333333334,0.7540660278288264,0.3174166666666667,7.8492,0.39066666666666666,20.091808873720137,False,None
2020-03-04,Sofia,12,7.0,0.0,3.5447999999999995,6.836666666666668,0.5184982935153583,1.7824166666666668,3.6714,0.09766666666666668,37.591126279863474,False,None
2020-03-04,Sofia,12,7.0,0.0,2.4687,3.9066666666666663,0.6319197952218429,12.916416666666667,2.4687,0.19533333333333333,12.63839590443686,False,None
2020-03-04,Sofia,12,7.0,0.0,0.9495,1.2696666666666667,0.7478340771856129,0.9034166666666668,1.0128,0.09766666666666668,10.369965870307167,False,None
2020-03-04,Sofia,12,7.0,0.0,1.8357,3.1253333333333333,0.5873613481228669,3.638083333333334,1.8357,0.09766666666666668,18.795563139931737,False,None
2020-03-04,Sofia,12,7.0,0.0,0.8229,1.3673333333333335,0.6018283764017551,1.2940833333333337,0.8229,,,False,None
2020-03-04,Sofia,12,7.0,0.0,11.457299999999998,18.36133333333333,0.6239906324885628,16.139416666666666,11.457299999999998,0.4883333333333333,23.46204778156996,False,None
2020-03-04,Sofia,12,7.0,0.0,11.5206,17.970666666666666,0.6410780531236089,8.228416666666668,11.7738,0.6836666666666668,17.221550463188688,False,None
2020-03-04,Sofia,12,7.0,0.0,,,,,,,,False,None
2020-03-04,Sofia,12,7.0,0.0,1.5824999999999998,2.93,0.5401023890784982,24.53875,1.6458,0.09766666666666668,16.851194539249143,False,None
2020-03-04,Sofia,12,7.0,0.0,1.4559,2.051,0.7098488542174548,1.09875,1.5192,0.09766666666666668,15.554948805460752,False,None
2020-03-04,Sofia,12,7.0,0.0,2.9118,4.6880000000000015,0.6211177474402729,0.6104166666666667,2.9751,0.09766666666666668,30.461774744027306,False,None
2020-03-04,Sofia,12,7.0,0.0,5.000699999999998,7.227333333333334,0.6919149524951571,0.41508333333333336,5.064,0.29300000000000004,17.283276450511945,False,None
2020-03-04,Sofia,12,7.0,0.0,6.0768,8.497000000000002,0.7151700600211838,15.74875,6.329999999999999,0.09766666666666668,64.81228668941978,False,None
2020-03-04,Sofia,12,7.0,0.0,0.5697,1.0743333333333334,0.5302823456407074,0.8057500000000001,0.5697,,,False,None
2020-03-04,Sofia,12,7.0,0.0,3.9879,6.0553333333333335,0.6585764615215237,0.51275,4.2410999999999985,0.39066666666666666,10.856058020477814,False,None
2020-03-04,Sofia,12,7.0,0.0,8.7987,12.208333333333336,0.7207126279863479,3.2474166666666666,8.7987,0.5860000000000001,15.01484641638225,False,None
2020-03-04,Sofia,12,7.0,0.0,2.7219,4.981,0.5464565348323629,13.014083333333335,2.9118,0.19533333333333333,14.906825938566554,False,None
2020-03-04,Sofia,12,7.0,0.0,6.6465,10.450333333333333,0.636008420784026,20.729750000000006,6.6465,0.39066666666666666,17.013225255972696,False,None
2020-03-04,Sofia,12,7.0,0.0,3.2283,5.078666666666667,0.635658965607771,0.21975,3.2916,0.09766666666666668,33.702389078498285,False,None
2020-03-04,Sofia,12,7.0,0.0,2.7852,3.2230000000000003,0.8641638225255971,2.56375,2.7852,0.19533333333333333,14.258703071672356,False,None
2020-03-04,Sofia,12,7.0,0.0,2.4687,4.492666666666667,0.5494954741059503,0.6104166666666667,2.4687,0.09766666666666668,25.27679180887372,False,None
2020-03-04,Sofia,12,7.0,0.0,12.2169,18.06833333333333,0.6761498016788118,0.6104166666666667,12.1536,0.7813333333333333,15.554948805460752,False,None
2020-03-04,Sofia,12,7.0,0.0,0.8861999999999999,1.465,0.604914675767918,3.3450833333333336,0.8861999999999999,0.09766666666666668,9.07372013651877,False,None
2020-03-04,Sofia,12,7.0,0.0,1.6458,2.637,0.6241183162684869,1.97775,1.6458,0.09766666666666668,16.851194539249143,False,None
2020-03-04,Sofia,12,7.0,0.0,2.5953,3.9066666666666663,0.6643259385665529,16.627750000000002,2.6586,0.09766666666666668,27.22116040955631,False,None
2020-03-04,Sofia,12,7.0,0.0,1.9623,2.93,0.6697269624573379,1.7824166666666668,1.9623,0.09766666666666668,20.091808873720137,False,None
2020-03-04,Sofia,12,7.0,0.0,17.090999999999998,24.807333333333336,0.6889495041788717,0.41508333333333336,17.090999999999998,0.879,19.443686006825935,False,None
2020-03-04,Sofia,12,7.0,0.0,15.6351,20.314666666666668,0.76964590443686,3.052083333333333,16.0782,0.7813333333333333,20.577901023890785,True,None
2020-03-04,Sofia,12,7.0,0.0,2.4687,4.004333333333333,0.6165071172896028,7.056416666666667,2.532,0.19533333333333333,12.962457337883961,False,None
2020-03-04,Sofia,12,7.0,0.0,7.1529,10.548,0.6781285551763367,0.9034166666666668,7.406099999999999,0.09766666666666668,75.83037542662116,False,None
2020-03-04,Sofia,12,7.0,0.0,1.3293,2.441666666666667,0.5444232081911262,20.33908333333333,1.266,,,False,None
2020-03-04,Sofia,12,7.0,0.0,2.2155,3.320666666666667,0.667185304155792,0.9034166666666668,2.2788,0.19533333333333333,11.666211604095563,False,None
2020-03-04,Sofia,12,7.0,0.0,2.4054,3.7113333333333336,0.6481228668941978,10.377083333333333,2.3421,0.09766666666666668,23.98054607508532,False,None
2020-03-04,Sofia,12,7.0,0.0,3.4815,4.6880000000000015,0.7426407849829351,2.6614166666666668,3.5447999999999995,0.19533333333333333,18.14744027303754,False,None
2020-03-04,Sofia,12,7.0,0.0,7.532699999999998,10.743333333333334,0.7011511014582685,0.6104166666666667,7.532699999999998,0.19533333333333333,38.563310580204785,False,None
2020-03-04,Sofia,12,7.0,0.0,1.0760999999999998,1.9533333333333331,0.5509044368600682,2.466083333333333,1.0760999999999998,,,False,None
2020-03-04,Sofia,12,7.0,0.0,0.8861999999999999,1.465,0.604914675767918,4.712416666666667,0.8861999999999999,,,False,None
2020-03-04,Sofia,12,7.0,0.0,6.962999999999999,10.450333333333333,0.6662945360594558,1.2940833333333337,7.406099999999999,0.39066666666666666,18.95759385665529,True,None
2020-03-04,Sofia,12,7.0,0.0,1.266,2.1486666666666667,0.5892026062674527,4.126416666666667,1.3293,,,False,None
2020-03-04,Sofia,12,7.0,0.0,1.3925999999999998,1.9533333333333331,0.7129351535836177,1.196416666666667,1.5192,0.09766666666666668,15.554948805460752,False,None
2020-03-04,Sofia,12,7.0,0.0,10.1913,13.478000000000002,0.7561433447098975,1.09875,10.4445,0.09766666666666668,106.94027303754268,False,None
2020-03-04,Sofia,12,7.0,0.0,3.6714,4.6880000000000015,0.7831484641638223,1.2940833333333337,3.8613,0.19533333333333333,19.767747440273034,False,None
2020-03-04,Sofia,12,7.0,0.0,1.1394,2.1486666666666667,0.5302823456407074,3.3450833333333336,1.266,0.09766666666666668,12.962457337883961,False,None
2020-03-04,Sofia,12,7.0,0.0,0.7595999999999999,1.2696666666666667,0.5982672617484903,0.51275,0.7595999999999999,,,False,None
2020-03-04,Sofia,12,7.0,0.0,0.8861999999999999,1.2696666666666667,0.6979784720399054,0.21975,0.8861999999999999,,,False,None
2020-03-04,Sofia,12,7.0,0.0,1.2027,1.6603333333333334,0.7243726159405741,1.6847500000000002,1.266,,,False,None
2020-03-04,Sofia,12,7.0,0.0,4.1145,5.274,0.7801478953356086,0.21975,4.2410999999999985,0.19533333333333333,21.712116040955628,False,None
2020-03-04,Sofia,12,7.0,0.0,1.0760999999999998,2.2463333333333333,0.4790473364000593,2.075416666666667,1.2027,0.09766666666666668,12.31433447098976,False,None
2020-03-04,Sofia,12,7.0,0.0,3.4815,5.469333333333334,0.6365492442710872,3.9310833333333335,3.4815,0.09766666666666668,35.64675767918089,False,None
2020-03-04,Sofia,12,7.0,0.0,3.2916,4.395,0.7489419795221843,3.9310833333333335,0.7595999999999999,0.09766666666666668,7.777474402730376,True,None
2020-03-04,Sofia,12,7.0,0.0,4.3043999999999984,6.934333333333332,0.6207373936451472,2.173083333333333,4.3043999999999984,0.19533333333333333,22.036177474402727,False,None
2020-03-04,Sofia,12,7.0,0.0,2.9751,5.176333333333334,0.5747504668684396,5.982083333333334,3.2283,0.19533333333333333,16.527133105802047,False,None
2020-03-04,Sofia,12,7.0,0.0,2.8485,4.199666666666666,0.6782681165171837,1.4894166666666668,2.8485,0.19533333333333333,14.582764505119453,False,None
2020-03-04,Sofia,12,7.0,0.0,6.7731,11.329333333333333,0.5978374720489584,21.706416666666666,7.026299999999999,0.4883333333333333,14.388327645051193,False,None
2020-03-04,Sofia,12,7.0,0.0,0.8229,1.1720000000000002,0.7021331058020477,6.861083333333334,0.8229,0.09766666666666668,8.425597269624571,False,None
2020-03-04,Sofia,12,7.0,0.0,1.3293,2.441666666666667,0.5444232081911262,1.196416666666667,1.3925999999999998,0.09766666666666668,14.258703071672356,False,None
2020-03-04,Sofia,12,7.0,0.0,2.6586,5.86,0.4536860068259385,2.7590833333333338,2.7852,0.09766666666666668,28.51740614334471,False,None
2020-03-04,Sofia,12,7.0,0.0,2.0256,3.2230000000000003,0.6284827800186161,7.349416666666667,1.899,,,False,None
2020-03-04,Sofia,12,7.0,0.0,0.7595999999999999,1.6603333333333334,0.4574984942782573,1.5870833333333334,0.8229,,,False,None
2020-03-04,Sofia,12,7.0,0.0,4.5576,6.1530000000000005,0.7407118478790833,8.326083333333335,4.5576,0.09766666666666668,46.664846416382254,False,None
2020-03-04,Sofia,12,7.0,0.0,5.696999999999999,10.352666666666668,0.5502930001931868,1.196416666666667,5.9502,0.39066666666666666,15.230887372013653,False,None
2020-03-04,Sofia,12,7.0,0.0,9.2418,14.454666666666668,0.639364449774006,0.51275,9.5583,0.6836666666666668,13.980936128717694,False,None
2020-03-04,Sofia,12,7.0,0.0,5.3805,7.422666666666667,0.7248742590264055,0.7080833333333333,5.1906,0.19533333333333333,26.57303754266212,False,None
2020-03-04,Sofia,12,7.0,0.0,1.9623,3.516,0.5581058020477816,13.014083333333335,2.0889,0.09766666666666668,21.38805460750853,False,None
2020-03-04,Sofia,12,7.0,0.0,1.5824999999999998,3.0276666666666667,0.5226797313662886,31.277750000000005,1.6458,0.09766666666666668,16.851194539249143,False,None
2020-03-04,Sofia,12,7.0,0.0,2.9751,3.2230000000000003,0.9230840831523424,1.2940833333333337,2.9751,0.19533333333333333,15.230887372013653,False,None
2020-03-04,Sofia,12,7.0,0.0,4.1778,5.567000000000001,0.7504580564038079,1.8800833333333336,4.2410999999999985,0.39066666666666666,10.856058020477814,False,None
2020-03-04,Sofia,12,7.0,0.0,2.4687,3.8089999999999997,0.6481228668941978,6.665750000000001,2.4687,0.09766666666666668,25.27679180887372,False,None
2020-03-04,Sofia,12,7.0,0.0,4.9373999999999985,6.836666666666668,0.7221940516821059,0.9034166666666668,5.000699999999998,0.39066666666666666,12.800426621160407,False,None
2020-03-04,Sofia,12,7.0,0.0,4.9373999999999985,6.4460000000000015,0.7659633881476883,0.8057500000000001,5.1273,0.39066666666666666,13.124488054607511,False,None
2020-03-04,Sofia,12,7.0,0.0,4.6842,6.0553333333333335,0.7735660024221072,0.6104166666666667,4.6209,0.09766666666666668,47.31296928327645,False,None
2020-03-04,Sofia,12,7.0,0.0,5.5070999999999986,8.692333333333334,0.6335583080875866,0.7080833333333333,5.633699999999998,0.09766666666666668,57.682935153583614,False,None
2020-03-04,Sofia,12,7.0,0.0,6.2033999999999985,7.911,0.7841486537732271,0.8057500000000001,6.2033999999999985,0.09766666666666668,63.5160409556314,False,None
2020-03-04,Sofia,12,7.0,0.0,4.367699999999999,5.957666666666667,0.7331225871426171,0.9034166666666668,4.431,0.19533333333333333,22.68430034129693,False,None
2020-03-04,Sofia,12,7.0,0.0,9.2418,14.259333333333334,0.6481228668941978,0.9034166666666668,9.5583,0.39066666666666666,24.46663822525597,False,None
2020-03-04,Sofia,12,7.0,0.0,6.4566,9.278333333333334,0.6958792886653493,8.521416666666667,6.5832,0.4883333333333333,13.480955631399315,False,None
2020-03-04,Sofia,12,7.0,0.0,5.1906,7.813333333333333,0.6643259385665529,0.9034166666666668,5.064,0.39066666666666666,12.962457337883961,False,None
2020-03-04,Sofia,12,7.0,0.0,0.7595999999999999,1.3673333333333335,0.5555338859093124,1.97775,0.8229,,,False,None
2020-03-04,Sofia,12,7.0,0.0,2.532,5.957666666666667,0.42499860124209704,1.2940833333333337,2.5953,0.19533333333333333,13.28651877133106,False,None
2020-03-04,Sofia,12,7.0,0.0,14.115899999999998,19.924,0.7084872515559124,3.052083333333333,14.4324,0.6836666666666668,21.110287664553876,True,None
2020-03-04,Sofia,12,7.0,0.0,2.8485,4.981,0.5718731178478217,29.715083333333336,2.8485,0.19533333333333333,14.582764505119453,False,None
2020-03-04,Sofia,12,7.0,0.0,2.2788,3.8089999999999997,0.5982672617484903,0.21975,2.2155,0.09766666666666668,22.68430034129693,False,None
2020-03-04,Sofia,12,7.0,0.0,4.0512,5.176333333333334,0.7826389336080879,0.9034166666666668,3.9879,0.19533333333333333,20.41587030716724,False,None
2020-03-04,Sofia,12,7.0,0.0,6.266699999999998,8.008666666666667,0.7824898027137267,0.8057500000000001,6.266699999999998,0.39066666666666666,16.041040955631402,False,None
2020-03-04,Sofia,12,7.0,0.0,,,,,,,,False,None
2020-03-04,Sofia,12,7.0,0.0,2.1522,3.0276666666666667,0.7108444346581525,0.8057500000000001,2.1522,0.09766666666666668,22.036177474402727,False,None
2020-03-04,Sofia,12,7.0,0.0,1.6458,1.8556666666666668,0.8869049757499551,0.8057500000000001,1.7723999999999998,0.09766666666666668,18.14744027303754,False,None
2020-03-04,Sofia,12,7.0,0.0,1.7090999999999998,2.832333333333333,0.6034247381428739,9.59575,1.7723999999999998,0.09766666666666668,18.14744027303754,False,None
2020-03-04,Sofia,12,7.0,0.0,0.633,0.9766666666666668,0.648122866894198,12.23275,0.6962999999999999,,,False,None
2020-03-04,Sofia,12,7.0,0.0,3.7347,5.762333333333332,0.6481228668941978,1.09875,3.7347,0.29300000000000004,12.746416382252555,False,None
2020-03-04,Sofia,12,7.0,0.0,4.5576,5.957666666666667,0.7649974822357746,6.95875,4.367699999999999,0.39066666666666666,11.180119453924911,False,None
2020-03-04,Sofia,12,7.0,0.0,4.1778,6.0553333333333335,0.689937245403501,4.126416666666667,4.367699999999999,0.39066666666666666,11.180119453924911,False,None
2020-03-04,Sofia,12,7.0,0.0,3.798,4.395,0.8641638225255973,1.7824166666666668,3.9246,0.29300000000000004,13.394539249146755,False,None
2020-03-04,Sofia,12,7.0,0.0,7.4693999999999985,9.962,0.7497891989560329,0.9034166666666668,7.4693999999999985,0.4883333333333333,15.29569965870307,False,None
2020-03-04,Sofia,12,7.0,0.0,2.532,3.9066666666666663,0.648122866894198,0.6104166666666667,2.532,0.09766666666666668,25.924914675767923,False,None
2020-03-04,Sofia,12,7.0,0.0,4.0512,5.762333333333332,0.7030485335801469,0.6104166666666667,4.1145,0.19533333333333333,21.06399317406143,False,None
2020-03-04,Sofia,12,7.0,0.0,2.5953,3.613666666666667,0.7181902038557327,1.001083333333333,2.532,0.29300000000000004,8.641638225255972,False,None
2020-03-04,Sofia,12,7.0,0.0,5.1906,6.739000000000001,0.7702329722510757,1.09875,5.1273,0.29300000000000004,17.499317406143337,False,None
2020-03-04,Sofia,12,7.0,0.0,6.2033999999999985,10.450333333333333,0.5936078593984242,2.954416666666667,6.329999999999999,0.29300000000000004,21.604095563139925,False,None
2020-03-04,Sofia,12,7.0,0.0,2.1522,3.2230000000000003,0.6677629537697796,1.2940833333333337,2.2788,0.09766666666666668,23.332423208191127,False,None
2020-03-04,Sofia,12,7.0,0.0,3.798,5.176333333333334,0.7337240002575824,0.9034166666666668,3.9246,0.19533333333333333,20.091808873720137,False,None
2020-03-04,Sofia,12,7.0,0.0,9.8115,16.896333333333335,0.5806881177375761,4.32175,10.128,0.4883333333333333,20.739931740614335,True,None
2020-03-04,Sofia,12,7.0,0.0,9.495,13.478000000000002,0.7044813770589107,0.7080833333333333,9.6216,0.5860000000000001,16.419112627986344,False,None
2020-03-04,Sofia,12,7.0,0.0,1.7723999999999998,2.441666666666667,0.7258976109215015,1.6847500000000002,1.7723999999999998,,,False,None
2020-03-04,Sofia,12,7.0,0.0,8.735399999999998,11.329333333333333,0.7710427209603389,0.9034166666666668,8.7987,0.4883333333333333,18.017815699658705,False,None
2020-03-04,Sofia,12,7.0,0.0,2.9751,3.320666666666667,0.8959345512949206,0.9034166666666668,3.1017,0.19533333333333333,15.87901023890785,False,None
2020-03-04,Sofia,12,7.0,0.0,0.5697,1.1720000000000002,0.4860921501706484,3.5404166666666668,0.5697,,,False,None
2020-03-04,Sofia,12,7.0,0.0,1.3293,2.3440000000000003,0.5671075085324231,1.3917500000000005,1.3293,0.09766666666666668,13.610580204778154,False,None
2020-03-04,Sofia,12,7.0,0.0,0.6962999999999999,1.3673333333333335,0.5092393954168697,1.09875,0.7595999999999999,,,False,None
2020-03-04,Sofia,12,7.0,0.0,11.457299999999998,16.603333333333335,0.6900602288697046,0.21975,11.330699999999998,0.4883333333333333,23.202798634812282,False,None
2020-03-04,Sofia,12,7.0,0.0,3.6081,6.2506666666666675,0.577234428327645,2.27075,3.798,0.29300000000000004,12.962457337883954,False,None
2020-03-04,Sofia,12,7.0,0.0,1.3925999999999998,2.051,0.6789858605558263,11.35375,1.4559,0.09766666666666668,14.906825938566554,False,None
2020-03-04,Sofia,12,7.0,0.0,0.5064,0.879,0.5761092150170648,0.8057500000000001,0.5064,0.09766666666666668,5.184982935153584,False,None
2020-03-04,Sofia,12,7.0,0.0,3.2283,4.590333333333334,0.7032822598213637,0.7080833333333333,3.2916,0.09766666666666668,33.702389078498285,False,None
2020-03-04,Sofia,12,7.0,0.0,1.0760999999999998,2.2463333333333333,0.4790473364000593,0.51275,1.0760999999999998,0.09766666666666668,11.018088737201364,False,None
2020-03-04,Sofia,12,7.0,0.0,2.7852,4.102,0.6789858605558263,1.001083333333333,2.9118,0.29300000000000004,9.937883959044367,False,None
2020-03-04,Sofia,12,7.0,0.0,3.165,4.785666666666668,0.6613498641777528,0.7080833333333333,3.3549,0.29300000000000004,11.450170648464162,False,None
2020-03-04,Sofia,12,7.0,0.0,15.6351,23.04933333333333,0.6783319835714698,3.9310833333333335,15.7617,0.879,17.931399317406143,False,None
2020-03-04,Sofia,12,7.0,0.0,2.9118,5.567000000000001,0.5230465241602298,1.6847500000000002,2.9118,0.19533333333333333,14.906825938566554,False,None
2020-03-04,Sofia,12,7.0,0.0,10.6344,14.845333333333334,0.7163463265672714,6.275083333333333,10.6344,0.5860000000000001,18.14744027303754,False,None
2020-03-04,Sofia,12,7.0,0.0,0.5064,0.7813333333333333,0.648122866894198,1.001083333333333,0.5697,,,False,None
2020-03-04,Sofia,12,7.0,0.0,5.7603,8.399333333333335,0.6858044289229303,0.6104166666666667,5.7603,0.29300000000000004,19.659726962457334,False,None
2020-03-04,Sofia,12,7.0,0.0,1.7090999999999998,3.1253333333333333,0.5468536689419795,1.4894166666666668,1.899,,,False,None
2020-03-04,Sofia,12,7.0,0.0,10.761,16.408,0.655838615309605,1.97775,11.0775,0.6836666666666668,16.203071672354945,False,None
2020-03-04,Sofia,12,7.0,0.0,4.367699999999999,5.664666666666666,0.7710427209603389,0.12208333333333335,4.367699999999999,0.19533333333333333,22.360238907849823,False,None
2020-03-04,Sofia,12,7.0,0.0,1.2027,1.9533333333333331,0.6157167235494879,10.572416666666667,1.266,0.09766666666666668,12.962457337883961,False,None
2020-03-04,Sofia,13,6.0,0.0,0.8861999999999999,1.5519999999999998,0.5710051546391751,1.14120623588562,0.8229,,,False,None
2020-03-04,Sofia,13,6.0,0.0,2.1522,3.298,0.6525773195876288,2.11120623588562,2.2155,,,False,None
2020-03-04,Sofia,13,6.0,0.0,14.559000000000001,26.578000000000003,0.5477838814056738,1.3352062358856205,14.6223,0.485,30.14907216494845,False,None
2020-03-04,Sofia,13,6.0,0.0,1.8357,3.298,0.5566100667070951,3.5662062358856206,1.8357,,,False,None
2020-03-04,Sofia,13,6.0,0.0,2.2155,3.977,0.5570781996479759,7.931206235885622,2.2788,0.19399999999999998,11.746391752577319,False,None
2020-03-04,Sofia,13,6.0,0.0,5.8869,10.864,0.5418722385861561,2.6932062358856204,5.9502,0.29100000000000004,20.447422680412366,False,None
2020-03-04,Sofia,13,6.0,0.0,5.633699999999998,9.894,0.5694057004244996,0.8502062358856202,5.633699999999998,0.29100000000000004,19.359793814432983,False,None
2020-03-04,Sofia,13,6.0,0.0,1.3925999999999998,1.94,0.7178350515463916,9.386206235885618,1.3925999999999998,0.09699999999999999,14.356701030927837,False,None
2020-03-04,Sofia,13,6.0,0.0,1.5824999999999998,3.0069999999999997,0.5262720319255071,1.14120623588562,1.7723999999999998,,,False,None
2020-03-04,Sofia,13,6.0,0.0,1.6458,3.0069999999999997,0.5473229132025274,1.91720623588562,1.4559,0.09699999999999999,15.009278350515466,False,None
2020-03-04,Sofia,13,6.0,0.0,2.5953,3.783,0.6860428231562251,1.7232062358856202,2.5953,,,False,None
2020-03-04,Sofia,13,6.0,0.0,4.367699999999999,6.596,0.6621740448756821,2.0142062358856205,4.1145,,,False,None
2020-03-04,Sofia,13,6.0,0.0,1.2027,1.746,0.6888316151202748,1.5292062358856202,1.3293,,,False,None
2020-03-04,Sofia,13,6.0,0.0,5.2539,9.312,0.5642074742268041,2.4022062358856204,5.4438,0.19399999999999998,28.06082474226804,False,None
2020-03-04,Sofia,13,6.0,0.0,4.2410999999999985,7.275,0.5829690721649483,1.14120623588562,4.4943,0.29100000000000004,15.444329896907215,False,None
2020-03-04,Sofia,13,6.0,0.0,3.7347,6.499,0.5746576396368672,6.37920623588562,3.8613,0.29100000000000004,13.269072164948449,False,None
2020-03-04,Sofia,13,6.0,0.0,,,,,,,,False,None
2020-03-04,Sofia,13,6.0,0.0,2.7219,4.85,0.5612164948453608,2.0142062358856205,2.7852,0.09699999999999999,28.713402061855675,False,None
2020-03-04,Sofia,13,6.0,0.0,0.8861999999999999,1.843,0.4808464460119369,2.7902062358856203,0.9495,0.09699999999999999,9.788659793814432,False,None
2020-03-04,Sofia,13,6.0,0.0,1.7090999999999998,2.813,0.607571987202275,4.14820623588562,1.7090999999999998,0.09699999999999999,17.619587628865983,False,None
2020-03-04,Sofia,13,6.0,0.0,5.9502,10.088,0.5898295003965107,6.8642062358856215,5.9502,0.38799999999999996,15.335567010309276,False,None
2020-03-04,Sofia,13,6.0,0.0,1.3925999999999998,2.813,0.4950586562388908,6.8642062358856215,1.3925999999999998,0.19399999999999998,7.178350515463919,False,None
2020-03-04,Sofia,13,6.0,0.0,0.8229,1.0670000000000002,0.7712277413308339,2.4022062358856204,0.8229,0.09699999999999999,8.483505154639175,False,None
2020-03-04,Sofia,13,6.0,0.0,3.4815,5.723,0.6083347894460946,2.3052062358856205,3.5447999999999995,0.19399999999999998,18.272164948453604,False,None
2020-03-04,Sofia,13,6.0,0.0,1.6458,2.9100000000000006,0.5655670103092783,1.7232062358856202,1.7090999999999998,0.09699999999999999,17.619587628865983,False,None
2020-03-04,Sofia,13,6.0,0.0,3.798,6.6930000000000005,0.567458538771851,15.788206235885621,3.9246,0.09699999999999999,40.459793814432985,False,None
2020-03-04,Sofia,13,6.0,0.0,6.5832,12.61,0.522061855670103,8.319206235885623,6.7098,0.09699999999999999,69.17319587628866,False,None
2020-03-04,Sofia,13,6.0,0.0,4.7475,8.148,0.5826583210603828,7.931206235885622,4.4943,0.19399999999999998,23.166494845360823,False,None
2020-03-04,Sofia,13,6.0,0.0,1.1394,1.649,0.6909642207398423,2.59620623588562,1.2027,0.09699999999999999,12.398969072164949,False,None
2020-03-04,Sofia,13,6.0,0.0,0.3798,0.679,0.5593519882179675,3.17820623588562,0.3798,0.09699999999999999,3.9154639175257726,False,None
2020-03-04,Sofia,13,6.0,0.0,2.1522,4.559,0.4720772099144549,4.73020623588562,2.2788,0.09699999999999999,23.492783505154637,False,None
2020-03-04,Sofia,13,6.0,0.0,0.6962999999999999,1.0670000000000002,0.6525773195876287,18.98920623588562,0.7595999999999999,0.09699999999999999,7.830927835051545,False,None
2020-03-04,Sofia,13,6.0,0.0,0.6962999999999999,0.97,0.7178350515463916,2.6932062358856204,0.633,0.09699999999999999,6.5257731958762895,False,None
2020-03-04,Sofia,13,6.0,0.0,1.3925999999999998,1.94,0.7178350515463916,12.490206235885621,1.3925999999999998,0.09699999999999999,14.356701030927837,False,None
2020-03-04,Sofia,13,6.0,0.0,1.9623,3.298,0.5949969678593087,3.76020623588562,2.0256,,,False,None
2020-03-04,Sofia,13,6.0,0.0,6.7731,11.058,0.6125067824199674,1.2382062358856205,6.962999999999999,0.485,14.356701030927832,False,None
2020-03-04,Sofia,13,6.0,0.0,1.7090999999999998,2.6189999999999998,0.6525773195876288,1.4322062358856202,1.7723999999999998,0.09699999999999999,18.272164948453604,False,None
2020-03-04,Sofia,13,6.0,0.0,5.000699999999998,9.215,0.542669560499186,2.6932062358856204,5.1273,0.38799999999999996,13.214690721649484,False,None
2020-03-04,Sofia,23,7.0,100.0,6.7098,8.2875,0.8096289592760181,4.4971875,3.3549,2.535,1.3234319526627218,True,WT
2020-03-04,Sofia,23,7.0,100.0,13.3563,16.77,0.7964400715563505,0.6946875,7.2162,4.095,1.7621978021978022,True,WT
2020-03-04,Sofia,23,7.0,100.0,2.0256,2.4375,0.8310153846153846,1.5721874999999998,0.9495,0.6824999999999999,1.3912087912087914,True,WT
2020-03-04,Sofia,23,7.0,100.0,7.595999999999999,13.5525,0.560486995019369,0.4021875,5.5703999999999985,2.145,2.5969230769230767,True,WT
2020-03-04,Sofia,23,7.0,100.0,6.1401,8.0925,0.7587395736793328,2.9371875,2.1522,0.975,2.2073846153846155,True,WT
2020-03-04,Sofia,23,7.0,100.0,5.5070999999999986,8.8725,0.6206931530008453,2.4496875,2.0889,0.5849999999999999,3.570769230769231,True,WT
2020-03-04,Sofia,23,7.0,100.0,14.179199999999998,20.085,0.7059596713965646,0.0121875,1.899,0.975,1.947692307692308,True,WT
2020-03-04,Sofia,23,7.0,100.0,4.6842,6.5325,0.717060849598163,0.6946875,1.266,0.4875,2.5969230769230767,True,WT
2020-03-04,Sofia,23,7.0,100.0,7.406099999999999,10.919999999999998,0.6782142857142858,0.2071875,2.2788,0.8775,2.5969230769230767,True,WT
2020-03-04,Sofia,23,7.0,100.0,4.1778,6.142499999999999,0.6801465201465201,1.6696874999999998,1.266,0.5849999999999999,2.164102564102565,True,WT
2020-03-04,Sofia,23,7.0,100.0,6.5199,10.0425,0.6492307692307693,0.2071875,3.3549,1.4625,2.2939487179487186,True,WT
2020-03-04,Sofia,23,7.0,100.0,2.7852,4.679999999999999,0.5951282051282052,0.6946875,0.5064,0.2924999999999999,1.7312820512820517,True,WT
2020-03-04,Sofia,23,7.0,100.0,13.1664,19.11,0.6889795918367347,0.2071875,6.329999999999999,2.8275,2.2387267904509285,True,WT
2020-03-04,Sofia,23,7.0,100.0,1.5192,1.755,0.8656410256410256,0.8896874999999999,0.633,0.4875,1.2984615384615386,True,WT
2020-03-04,Sofia,23,7.0,100.0,11.7105,17.452499999999993,0.6709926944563817,5.764687499999999,10.8876,7.5074999999999985,1.4502297702297702,True,WT
2020-03-04,Sofia,23,7.0,100.0,3.2283,4.875,0.6622153846153847,2.7421875,2.4054,2.0475,1.1747985347985348,True,WT
2020-03-04,Sofia,23,7.0,100.0,2.8485,4.4849999999999985,0.6351170568561872,0.4021875,1.5824999999999998,1.3649999999999998,1.1593406593406594,True,WT
2020-03-04,Sofia,23,7.0,100.0,13.4196,20.67,0.6492307692307693,0.4021875,11.1408,6.239999999999998,1.7853846153846151,True,WT
2020-03-04,Sofia,23,7.0,100.0,5.8869,10.0425,0.5861986557132188,2.3521875,5.1273,1.755,2.9215384615384616,True,WT
2020-03-04,Sofia,23,7.0,100.0,12.9765,21.9375,0.5915213675213675,0.6946875,7.342799999999999,3.8025,1.931045364891519,True,WT
2020-03-04,Sofia,23,7.0,100.0,8.735399999999998,11.2125,0.7790769230769229,0.4021875,5.3172,4.1925,1.2682647584973166,True,WT
2020-03-04,Sofia,23,7.0,100.0,6.5199,8.0925,0.8056719184430028,1.0846875,1.3925999999999998,0.8775,1.5870085470085469,True,WT
2020-03-04,Sofia,23,7.0,100.0,8.545499999999999,10.725,0.7967832167832167,0.5971875,2.9751,1.95,1.5256923076923077,True,WT
2020-03-04,Sofia,23,7.0,100.0,7.532699999999998,12.87,0.5852913752913753,0.2071875,2.4687,1.3649999999999998,1.8085714285714287,True,WT
2020-03-04,Sofia,23,7.0,100.0,5.8869,8.4825,0.6940053050397877,0.4996875,0.4431,0.39,1.1361538461538458,True,WT
2020-03-04,Sofia,23,7.0,100.0,6.0135,8.0925,0.7430954587581093,0.4021875,2.2788,0.7799999999999999,2.9215384615384616,True,WT
2020-03-04,Sofia,23,7.0,100.0,11.5839,17.355,0.6674675885911839,0.2071875,3.6714,2.2425,1.6371906354515051,True,WT
2020-03-04,Sofia,23,7.0,100.0,12.1536,16.2825,0.746421004145555,0.8896874999999999,3.6714,1.755,2.091965811965812,True,WT
2020-03-04,Sofia,23,7.0,100.0,6.7731,8.8725,0.7633812341504648,2.2546875,2.0889,1.1699999999999997,1.7853846153846156,True,WT
2020-03-04,Sofia,23,7.0,100.0,1.0128,1.2674999999999998,0.7990532544378699,6.934687499999999,1.0128,0.5849999999999999,1.7312820512820517,False,WT
2020-03-04,Sofia,23,7.0,100.0,8.862,15.8925,0.5576215195847097,0.4996875,6.7098,2.4375,2.7527384615384607,True,WT
2020-03-04,Sofia,23,7.0,100.0,4.4943,6.142499999999999,0.7316727716727718,2.1571875,0.8861999999999999,0.2924999999999999,3.0297435897435903,True,WT
2020-03-04,Sofia,23,7.0,100.0,12.9132,21.06,0.6131623931623932,0.7921875,6.1401,3.51,1.7493162393162394,True,WT
2020-03-09,Sofia,11,6.0,100.0,4.2410999999999985,6.607333333333332,0.6418777116335385,0.22672216092795136,1.266,9.230833333333333,0.1371490475760585,True,WT
2020-03-09,Sofia,11,6.0,100.0,4.1778,7.967666666666667,0.5243442245743212,0.42105549426128464,1.4559,0.9716666666666666,1.4983533447684392,True,WT
2020-03-09,Sofia,11,6.0,100.0,3.9246,8.842166666666666,0.4438504891335081,1.3927221609279514,1.5824999999999998,1.0688333333333333,1.4805863090597222,True,WT
2020-03-09,Sofia,11,6.0,100.0,3.2283,4.469666666666667,0.7222686255500037,2.170055494261285,0.633,0.38866666666666666,1.6286449399656948,True,WT
2020-03-09,Sofia,11,6.0,100.0,3.798,8.259166666666667,0.4598526889314902,0.42105549426128464,1.4559,1.3603333333333334,1.0702523891203135,True,WT
2020-03-09,Sofia,11,6.0,100.0,5.633699999999998,10.299666666666667,0.546978866629988,0.32388882759461796,0.633,0.4858333333333333,1.302915951972556,True,WT
2020-03-09,Sofia,11,6.0,100.0,3.165,6.024333333333333,0.5253693354728047,1.2955554942612848,0.4431,0.38866666666666666,1.1400514579759862,True,WT
2020-03-09,Sofia,11,6.0,100.0,5.5703999999999985,13.020333333333333,0.4278231484088989,0.32388882759461796,2.3421,2.0405,1.1478069100710608,True,WT
2020-03-09,Sofia,11,6.0,100.0,6.1401,11.465666666666667,0.5355205395819402,1.4898888275946183,1.4559,1.3603333333333334,1.0702523891203135,True,WT
2020-03-09,Sofia,11,6.0,100.0,8.608799999999999,22.4455,0.3835423581564233,0.6153888275946179,6.6465,3.692333333333333,1.800081249435768,True,WT
2020-03-09,Sofia,11,6.0,100.0,8.735399999999998,14.477833333333333,0.6033637629940023,0.8097221609279514,6.0135,6.801666666666668,0.8841215388385198,True,WT
2020-03-09,Sofia,11,6.0,100.0,5.7603,11.757166666666668,0.489939469543399,0.42105549426128464,3.165,2.915,1.085763293310463,True,WT
2020-03-09,Sofia,11,6.0,100.0,6.266699999999998,11.174166666666668,0.5608203445447086,0.22672216092795136,1.9623,2.3320000000000003,0.8414665523156087,True,WT
2020-03-09,Sofia,11,6.0,100.0,11.457299999999998,16.809833333333334,0.6815832003093426,0.42105549426128464,8.7987,3.4008333333333334,2.5872188189169316,True,WT
2020-03-09,Sofia,11,6.0,100.0,3.798,6.607333333333332,0.5748158611643628,0.42105549426128464,1.0128,0.7773333333333333,1.3029159519725555,True,WT
2020-03-09,Sofia,11,6.0,100.0,6.1401,12.728833333333334,0.4823772799287706,0.7125554942612846,2.4054,2.1376666666666666,1.1252455948853892,True,WT
2020-03-09,Sofia,11,6.0,100.0,2.6586,5.635666666666666,0.47174543088661497,0.32388882759461796,0.633,0.5830000000000001,1.085763293310463,True,WT
2020-03-09,Sofia,11,6.0,100.0,4.8740999999999985,7.2875,0.6688301886792453,0.5182221609279514,0.4431,0.4858333333333333,0.9120411663807891,True,WT
2020-03-09,Sofia,11,6.0,100.0,3.0384,5.441333333333334,0.558392550845381,0.6153888275946179,1.1394,0.7773333333333333,1.4657804459691253,True,WT
2020-03-09,Sofia,11,6.0,100.0,3.798,5.247000000000001,0.7238421955403087,0.42105549426128464,0.2532,0.19433333333333333,1.3029159519725555,True,WT
2020-03-09,Sofia,11,6.0,100.0,4.3043999999999984,7.773333333333331,0.5537392795883361,0.42105549426128464,1.0760999999999998,0.6801666666666667,1.5821122273952457,True,WT
2020-03-09,Sofia,11,6.0,100.0,8.545499999999999,13.894833333333334,0.6150127745324999,0.32388882759461796,1.3925999999999998,0.9716666666666666,1.4332075471698114,True,WT
2020-03-09,Sofia,11,6.0,100.0,2.9751,4.178166666666667,0.7120587179384897,0.5182221609279514,1.0128,0.7773333333333333,1.3029159519725555,True,WT
2020-03-09,Sofia,11,6.0,100.0,2.2155,4.3725000000000005,0.5066895368782159,0.32388882759461796,0.8229,0.38866666666666666,2.117238421955403,True,WT
2020-03-09,Sofia,11,6.0,100.0,7.342799999999999,13.992,0.5247855917667238,0.32388882759461796,1.2027,0.8744999999999999,1.375300171526587,True,WT
2020-03-09,Sofia,11,6.0,100.0,2.1522,3.4008333333333334,0.6328448909580984,0.5182221609279514,0.4431,0.38866666666666666,1.1400514579759862,True,WT
2020-03-09,Sofia,11,6.0,100.0,5.7603,10.008166666666666,0.5755599593665174,0.7125554942612846,0.9495,0.6801666666666667,1.3959813771134524,True,WT
2020-03-09,Sofia,11,6.0,100.0,10.6344,17.004166666666666,0.6253996569468268,0.6153888275946179,5.5703999999999985,4.469666666666667,1.2462674323215748,True,WT
2020-03-09,Sofia,11,6.0,100.0,3.2283,5.635666666666666,0.5728337375051754,1.101222160927951,0.633,0.5830000000000001,1.085763293310463,True,WT
2020-03-09,Sofia,11,6.0,100.0,6.899699999999998,13.506166666666667,0.5108555351259301,0.22672216092795136,1.3293,0.7773333333333333,1.7100771869639793,True,WT
2020-03-09,Sofia,11,6.0,100.0,4.6209,6.315833333333333,0.7316374191845891,0.32388882759461796,0.5064,0.8744999999999999,0.5790737564322471,True,WT
2020-03-09,Sofia,11,6.0,100.0,3.6714,5.441333333333334,0.674724332271502,1.8785554942612848,0.5064,0.5830000000000001,0.8686106346483703,True,WT
2020-03-09,Sofia,11,6.0,100.0,7.4693999999999985,13.992,0.5338336192109777,0.42105549426128464,1.9623,0.7773333333333333,2.5243996569468266,True,WT
2020-03-09,Sofia,11,6.0,100.0,4.9373999999999985,13.1175,0.3763979416809605,0.6153888275946179,2.7852,1.9433333333333327,1.4332075471698114,True,WT
2020-03-09,Sofia,11,6.0,100.0,6.899699999999998,12.145833333333336,0.5680713550600343,0.6153888275946179,1.266,0.9716666666666666,1.302915951972556,True,WT
2020-03-09,Sofia,11,6.0,100.0,4.431,6.024333333333333,0.7355170696619266,0.42105549426128464,1.3293,0.5830000000000001,2.2801029159519723,True,WT
2020-03-09,Sofia,11,6.0,100.0,5.8236,13.020333333333333,0.4472696551547579,0.7125554942612846,1.0128,0.7773333333333333,1.3029159519725555,True,WT
2020-03-09,Sofia,11,6.0,100.0,3.7347,7.384666666666666,0.5057371129367157,0.42105549426128464,1.0128,0.6801666666666667,1.4890468022543493,True,WT
2020-03-09,Sofia,11,6.0,100.0,9.0519,20.6965,0.4373638054743556,0.42105549426128464,2.9751,1.6518333333333333,1.8010896983150035,True,WT
2020-03-09,Sofia,11,6.0,100.0,4.5576,8.939333333333334,0.5098366768588262,0.5182221609279514,1.8357,0.6801666666666667,2.698897329086008,True,WT
2020-03-09,Sofia,11,6.0,100.0,4.4943,7.579,0.592993798654176,0.42105549426128464,1.7090999999999998,1.0688333333333333,1.5990332137845,True,WT
2020-03-09,Sofia,11,6.0,100.0,4.6209,6.607333333333332,0.6993592977499747,0.42105549426128464,1.1394,0.6801666666666667,1.675177652536143,True,WT
2020-03-09,Sofia,11,6.0,100.0,4.6842,9.522333333333334,0.4919172471733118,0.9068888275946179,1.0760999999999998,0.6801666666666667,1.5821122273952457,True,WT
2020-03-09,Sofia,11,6.0,100.0,4.431,8.647833333333333,0.5123826777420163,0.5182221609279514,1.0128,0.5830000000000001,1.7372212692967406,True,WT
2020-03-09,Sofia,11,6.0,100.0,5.3172,10.882666666666667,0.4885934819897084,0.9068888275946179,2.0256,1.166,1.7372212692967406,True,WT
2020-03-09,Sofia,11,6.0,100.0,11.7738,20.30783333333333,0.5797664283897018,0.42105549426128464,7.342799999999999,6.315833333333333,1.1626019263755112,True,WT
2020-03-09,Sofia,11,6.0,100.0,4.6209,7.676166666666666,0.6019801550252948,1.2955554942612848,0.8861999999999999,0.5830000000000001,1.5200686106346482,True,WT
2020-03-09,Sofia,11,6.0,100.0,4.4943,8.162,0.5506370987503062,2.364388827594618,1.8357,1.6518333333333333,1.1113106649177682,True,WT
2020-03-09,Sofia,11,6.0,100.0,5.5703999999999985,9.328,0.5971698113207545,0.6153888275946179,1.4559,1.166,1.2486277873070324,True,WT
2020-03-09,Sofia,11,6.0,100.0,8.355599999999999,15.4495,0.5408330366678532,0.42105549426128464,3.8613,3.3036666666666665,1.1687922510342044,True,WT
2020-03-09,Sofia,11,6.0,100.0,4.431,8.162,0.5428816466552315,1.8785554942612848,1.0128,0.9716666666666666,1.0423327615780449,True,WT
2020-03-09,Sofia,11,6.0,100.0,4.5576,8.939333333333334,0.5098366768588262,0.42105549426128464,1.2027,1.3603333333333334,0.8841215388385198,True,WT
2020-03-09,Sofia,11,6.0,100.0,5.1906,9.716666666666667,0.5341955403087478,0.32388882759461796,1.4559,0.9716666666666666,1.4983533447684392,True,WT
2020-03-09,Sofia,11,6.0,100.0,5.8236,12.923166666666667,0.4506325848927637,0.5182221609279514,1.4559,0.7773333333333333,1.8729416809605488,True,WT
2020-03-09,Sofia,11,6.0,100.0,4.1145,7.967666666666667,0.5163996151110738,0.42105549426128464,0.9495,1.166,0.8143224699828472,True,WT
2020-03-09,Sofia,11,6.0,100.0,8.355599999999999,15.158,0.5512336719883889,0.32388882759461796,2.5953,2.720666666666667,0.9539206076941924,True,WT
2020-03-09,Sofia,11,6.0,100.0,9.3684,16.324,0.5739034550355304,0.42105549426128464,4.4943,2.915,1.5417838765008576,True,WT
2020-03-09,Sofia,11,6.0,100.0,4.4943,7.384666666666666,0.6085988986187596,0.5182221609279514,1.4559,0.7773333333333333,1.8729416809605488,True,WT
2020-03-09,Sofia,11,6.0,100.0,4.367699999999999,7.676166666666666,0.5689949410513059,0.32388882759461796,1.3293,1.3603333333333334,0.9771869639794168,True,WT
2020-03-09,Sofia,11,6.0,100.0,7.406099999999999,10.7855,0.6866719206341847,0.6153888275946179,3.3549,3.0121666666666664,1.113782991202346,True,WT
2020-03-09,Sofia,11,6.0,100.0,5.5703999999999985,11.854333333333333,0.4699041138261676,0.42105549426128464,3.1017,1.9433333333333327,1.596072041166381,True,WT
2020-03-09,Sofia,11,6.0,100.0,4.1778,8.259166666666667,0.5058379578246393,1.2955554942612848,1.2027,0.6801666666666667,1.7682430776770397,True,WT
2020-03-09,Sofia,11,6.0,100.0,4.0512,8.162,0.496348934084783,0.32388882759461796,1.3293,1.166,1.1400514579759862,True,WT
2020-03-09,Sofia,11,6.0,100.0,5.3172,7.870500000000002,0.6755860491709548,0.12955549426128468,0.5697,0.38866666666666666,1.4657804459691253,True,WT
2020-03-09,Sofia,11,6.0,100.0,5.633699999999998,8.259166666666667,0.6821148219150438,0.5182221609279514,3.165,3.2065,0.987057539373148,True,WT
2020-03-09,Sofia,11,6.0,100.0,9.6216,16.129666666666665,0.5965157370476761,0.7125554942612846,6.8363999999999985,5.052666666666667,1.3530281039715002,True,WT
2020-03-09,Sofia,11,6.0,100.0,7.2162,13.409,0.5381609366843165,0.032388827594617996,3.4182,2.526333333333333,1.3530281039715002,True,WT
2020-03-09,Sofia,11,6.0,100.0,7.595999999999999,11.757166666666668,0.6460740257715151,0.5182221609279514,1.9623,1.4575,1.346346483704974,True,WT
2020-03-09,Sofia,11,6.0,100.0,7.8492,11.757166666666668,0.6676098266305657,0.32388882759461796,3.2916,2.234833333333333,1.4728615109254977,True,WT
2020-03-09,Sofia,11,6.0,100.0,2.6586,4.178166666666667,0.6363077904982248,0.32388882759461796,0.4431,0.5830000000000001,0.7600343053173241,True,WT
2020-03-09,Sofia,11,6.0,100.0,10.064699999999998,21.76533333333333,0.4624188311688311,0.12955549426128468,9.4317,7.093166666666668,1.3296881975610328,True,WT
2020-03-09,Sofia,11,6.0,100.0,5.9502,9.522333333333334,0.6248678545174501,0.22672216092795136,1.5824999999999998,1.3603333333333334,1.1633178142612104,True,WT
2020-03-09,Sofia,11,6.0,100.0,9.1785,18.170166666666667,0.5051412113262582,0.32388882759461796,5.3172,3.7895,1.403140255970445,True,WT
2020-03-09,Sofia,11,6.0,100.0,4.1145,5.441333333333334,0.7561565792697867,0.32388882759461796,1.3925999999999998,1.166,1.194339622641509,True,WT
2020-03-09,Sofia,11,6.0,100.0,4.2410999999999985,6.996,0.6062178387650086,0.7125554942612846,1.1394,0.7773333333333333,1.4657804459691253,True,WT
2020-03-09,Sofia,11,6.0,100.0,3.9246,7.4818333333333324,0.5245505780668731,0.22672216092795136,1.266,0.6801666666666667,1.8613085028179368,True,WT
2020-03-09,Sofia,11,6.0,100.0,,,,,,,,False,WT
2020-03-09,Sofia,11,6.0,100.0,2.7852,4.6640000000000015,0.5971698113207545,0.22672216092795136,0.5697,0.38866666666666666,1.4657804459691253,True,WT
2020-03-09,Sofia,11,6.0,100.0,1.3925999999999998,2.526333333333333,0.5512336719883889,1.3927221609279514,0.7595999999999999,0.38866666666666666,1.9543739279588332,True,WT
2020-03-09,Sofia,11,6.0,100.0,4.8740999999999985,9.230833333333333,0.5280238331678252,0.42105549426128464,0.9495,0.7773333333333333,1.2214837049742708,True,WT
2020-03-09,Sofia,11,6.0,100.0,3.5447999999999995,9.230833333333333,0.3840173332129638,0.32388882759461796,1.1394,1.0688333333333333,1.0660221425229999,True,WT
2020-03-09,Sofia,11,6.0,100.0,2.6586,5.635666666666666,0.47174543088661497,0.9068888275946179,1.2027,1.3603333333333334,0.8841215388385198,True,WT
2020-03-09,Sofia,11,6.0,100.0,4.7475,7.2875,0.6514579759862779,0.6153888275946179,1.3293,1.0688333333333333,1.2436924996101668,True,WT
2020-03-09,Sofia,11,6.0,100.0,8.355599999999999,14.769333333333332,0.5657398212512413,0.42105549426128464,2.9118,1.9433333333333327,1.4983533447684392,True,WT
2020-03-09,Sofia,14,6.0,100.0,5.696999999999999,10.379000000000001,0.5488968108680989,1.0831666049957276,1.4559,0.679,2.144182621502209,True,P191R
2020-03-09,Sofia,14,6.0,100.0,15.6351,35.89,0.4356394538868765,0.4041666049957275,2.0256,1.5519999999999998,1.3051546391752575,True,P191R
2020-03-09,Sofia,14,6.0,100.0,12.5334,28.324,0.4425010591724332,1.5681666049957277,3.6714,2.813,1.3051546391752575,True,P191R
2020-03-09,Sofia,14,6.0,100.0,13.862699999999998,34.047000000000004,0.4071636267512555,0.6951666049957276,1.2027,0.873,1.3776632302405496,True,P191R
2020-03-09,Sofia,14,6.0,100.0,14.559000000000001,33.368,0.4363162311196355,0.6951666049957276,7.089599999999999,6.013999999999999,1.1788493515131355,True,P191R
2020-03-09,Sofia,14,6.0,100.0,8.482199999999999,17.750999999999994,0.4778435017745479,0.5981666049957276,3.4182,1.649,2.0728926622195267,True,P191R
2020-03-09,Sofia,14,6.0,100.0,5.633699999999998,14.841,0.3796038002829997,3.023166604995728,1.4559,1.0670000000000002,1.36447985004686,True,P191R
2020-03-09,Sofia,14,6.0,100.0,11.0775,23.086,0.4798362644026682,0.4041666049957275,2.8485,1.94,1.4682989690721646,True,P191R
2020-03-09,Sofia,14,6.0,100.0,9.4317,21.243,0.4439909617285693,0.9861666049957276,2.2788,1.164,1.9577319587628863,True,P191R
2020-03-09,Sofia,14,6.0,100.0,8.672099999999999,17.363,0.4994586189022634,0.5011666049957275,1.5824999999999998,1.164,1.3595360824742264,True,P191R
2020-03-09,Sofia,14,6.0,100.0,2.4687,6.1110000000000015,0.4039764359351987,0.6951666049957276,0.633,0.29100000000000004,2.1752577319587627,True,P191R
2020-03-09,Sofia,14,6.0,100.0,0.7595999999999999,1.0670000000000002,0.7119025304592314,4.672166604995726,0.7595999999999999,0.679,1.118703976435935,False,P191R
2020-03-09,Sofia,14,6.0,100.0,2.7852,5.917000000000002,0.4707115092107486,0.7921666049957277,0.7595999999999999,0.5820000000000001,1.3051546391752575,True,P191R
2020-03-09,Sofia,14,6.0,100.0,5.2539,9.506,0.5526930359772775,1.0831666049957276,0.3798,0.7759999999999999,0.4894329896907216,True,P191R
2020-03-09,Sofia,14,6.0,100.0,4.8740999999999985,10.088,0.4831582077716098,11.171166604995728,1.6458,1.358,1.2119293078055964,True,P191R
2020-03-09,Sofia,14,6.0,100.0,8.229,16.102,0.511054527387902,0.4041666049957275,4.6842,2.037,2.2995581737849777,True,P191R
2020-03-09,Sofia,14,6.0,100.0,,,,,,,,False,P191R
2020-03-09,Sofia,14,6.0,100.0,7.659299999999999,15.811000000000002,0.4844285623932704,0.5011666049957275,3.165,1.649,1.9193450576106728,True,P191R
2020-03-09,Sofia,14,6.0,100.0,5.696999999999999,12.513000000000002,0.4552865020378805,0.9861666049957276,1.899,1.0670000000000002,1.7797563261480782,True,P191R
2020-03-09,Sofia,14,6.0,100.0,12.0903,19.982000000000006,0.6050595535982383,1.1801666049957276,3.165,2.522,1.2549563838223632,True,P191R
2020-03-09,Sofia,14,6.0,100.0,4.3043999999999984,9.797,0.4393589874451362,5.642166604995728,1.0128,0.7759999999999999,1.3051546391752575,True,P191R
2020-03-09,Sofia,14,6.0,100.0,15.318599999999998,36.86,0.41558871405317416,1.1801666049957276,4.3043999999999984,3.0069999999999997,1.431459926837379,True,P191R
2020-03-09,Sofia,14,6.0,100.0,7.9758,16.005000000000006,0.498331771321462,1.1801666049957276,5.3172,2.2310000000000003,2.3833258628417746,True,P191R
2020-03-09,Sofia,14,6.0,100.0,3.2283,6.984,0.4622422680412371,0.8891666049957276,1.2027,0.873,1.3776632302405496,True,P191R
2020-03-09,Sofia,14,6.0,100.0,17.1543,35.89,0.4779687935358038,1.0831666049957276,9.8748,9.021,1.0946458264050551,True,P191R
2020-03-09,Sofia,14,6.0,100.0,13.1664,26.19,0.5027262313860251,0.3071666049957276,3.2916,2.716,1.2119293078055964,True,P191R
2020-03-09,Sofia,14,6.0,100.0,3.1017,5.2379999999999995,0.5921534936998853,0.6951666049957276,1.266,1.0670000000000002,1.1865042174320524,True,P191R
2020-03-09,Sofia,14,6.0,100.0,8.1657,14.259000000000002,0.5726698926993476,0.5981666049957276,1.3293,1.358,0.9788659793814432,True,P191R
2020-03-09,Sofia,14,6.0,100.0,6.393299999999999,13.289000000000001,0.48109714801715703,0.5981666049957276,0.7595999999999999,0.485,1.566185567010309,True,P191R
2020-03-09,Sofia,14,6.0,100.0,15.7617,34.047000000000004,0.4629394660322495,2.538166604995728,10.761,8.051,1.3366041485529747,True,P191R
2020-03-09,Sofia,14,6.0,100.0,12.5334,24.735000000000007,0.5067070952092176,0.8891666049957276,1.5192,1.261,1.2047581284694686,True,P191R
2020-03-09,Sofia,14,6.0,100.0,3.1017,6.984,0.4441151202749141,1.4711666049957275,1.0128,0.679,1.49160530191458,True,P191R
2020-03-09,Sofia,14,6.0,100.0,13.4829,24.153,0.5582287914544776,0.7921666049957277,5.3172,5.432,0.9788659793814432,True,P191R
2020-03-09,Sofia,14,6.0,100.0,6.8363999999999985,12.319,0.5549476418540465,0.6951666049957276,2.4687,1.843,1.339500813890396,True,P191R
2020-03-09,Sofia,14,6.0,100.0,8.9886,16.005000000000006,0.5616119962511714,0.8891666049957276,1.5824999999999998,0.97,1.6314432989690717,True,P191R
2020-03-09,Sofia,14,6.0,100.0,9.0519,18.527,0.4885788308954498,1.5681666049957277,1.7723999999999998,1.5519999999999998,1.1420103092783502,True,P191R
2020-03-09,Sofia,14,6.0,100.0,6.0135,11.058,0.5438144329896907,1.5681666049957277,2.6586,1.164,2.2840206185567005,True,P191R
2020-03-09,Sofia,14,6.0,100.0,6.0135,9.797,0.6138103501071756,0.5011666049957275,1.6458,1.5519999999999998,1.060438144329897,True,P191R
2020-03-09,Sofia,14,6.0,100.0,15.8883,28.712,0.5533679297854556,0.7921666049957277,7.4693999999999985,6.013999999999999,1.2420019953441968,True,P191R
2020-03-09,Sofia,14,6.0,100.0,9.6849,23.862,0.4058712597435252,0.6951666049957276,4.6209,4.365,1.0586254295532644,True,P191R
2020-03-09,Sofia,14,6.0,100.0,6.5832,10.67,0.6169821930646673,0.5981666049957276,1.3925999999999998,1.4550000000000003,0.9571134020618554,True,P191R
2020-03-09,Sofia,14,6.0,100.0,7.406099999999999,17.072000000000006,0.4338156044985941,1.4711666049957275,5.7603,3.492,1.6495704467353949,True,P191R
2020-03-09,Sofia,14,6.0,100.0,6.7731,12.61,0.5371213322759714,0.5981666049957276,1.6458,0.485,3.393402061855669,True,P191R
2020-03-09,Sofia,14,6.0,100.0,6.8363999999999985,16.684,0.4097578518340925,1.0831666049957276,4.6842,2.522,1.8573354480570976,True,P191R
2020-03-09,Sofia,14,6.0,100.0,6.329999999999999,13.386,0.4728821156432092,0.8891666049957276,2.7219,1.261,2.1585249801744646,True,P191R
2020-03-09,Sofia,14,6.0,100.0,6.266699999999998,10.282000000000002,0.6094825909356154,1.1801666049957276,1.5824999999999998,1.0670000000000002,1.4831302717900652,True,P191R
2020-03-09,Sofia,14,6.0,100.0,9.5583,15.132,0.631661379857256,0.7921666049957277,3.4815,1.843,1.8890396093326092,True,P191R
2020-03-09,Sofia,14,6.0,100.0,3.9879,8.148,0.4894329896907216,0.11316660499572755,0.633,0.485,1.3051546391752575,True,P191R
2020-03-09,Sofia,14,6.0,100.0,3.6714,7.372000000000001,0.4980195333695062,4.090166604995727,1.8357,0.873,2.102749140893471,True,P191R
2020-03-09,Sofia,14,6.0,100.0,8.672099999999999,16.878,0.5138108780661215,0.6951666049957276,0.5697,0.5820000000000001,0.9788659793814432,True,P191R
2020-03-09,Sofia,14,6.0,100.0,9.3684,15.908,0.5889112396278602,0.7921666049957277,5.5070999999999986,4.4620000000000015,1.2342223218287758,True,P191R
2020-03-09,Sofia,14,6.0,100.0,4.431,9.312,0.4758376288659793,2.538166604995728,1.5192,0.7759999999999999,1.9577319587628863,True,P191R
2020-03-09,Sofia,14,6.0,100.0,9.2418,15.423,0.5992219412565648,1.2771666049957275,2.2155,2.037,1.0876288659793816,True,P191R
2020-03-09,Sofia,14,6.0,100.0,8.608799999999999,13.774,0.6250036300275881,0.5981666049957276,5.7603,2.716,2.120876288659794,True,P191R
2020-03-09,Sofia,14,6.0,100.0,9.2418,16.878,0.5475648773551368,0.8891666049957276,2.9751,1.358,2.1907952871870395,True,P191R
2020-03-09,Sofia,14,6.0,100.0,6.6465,12.222,0.5438144329896907,0.5981666049957276,4.431,3.0069999999999997,1.4735616893914198,True,P191R
2020-03-09,Sofia,14,6.0,100.0,11.9637,26.384,0.4534452698605215,1.1801666049957276,4.5576,2.522,1.807137192704203,True,P191R
2020-03-09,Sofia,14,6.0,100.0,10.064699999999998,16.490000000000002,0.6103517283201939,0.7921666049957277,1.5824999999999998,1.0670000000000002,1.4831302717900652,True,P191R
2020-03-09,Sofia,14,6.0,100.0,10.1913,16.587,0.6144149032374752,1.7621666049957276,4.1145,2.2310000000000003,1.844240251008516,True,P191R
2020-03-09,Sofia,14,6.0,100.0,7.406099999999999,17.266000000000002,0.4289412718637785,0.6951666049957276,2.2788,1.164,1.9577319587628863,True,P191R
2020-03-09,Sofia,14,6.0,100.0,8.229,18.721,0.4395598525719779,1.0831666049957276,3.1017,2.9100000000000006,1.0658762886597934,True,P191R
2020-03-09,Sofia,21,6.0,0.0,3.2916,5.8,0.5675172413793104,3.608888827910026,3.2916,0.09666666666666666,34.051034482758624,False,None
2020-03-09,Sofia,21,6.0,0.0,2.532,4.446666666666667,0.5694152923538229,6.122222161243359,2.5953,0.19333333333333333,13.42396551724138,False,None
2020-03-09,Sofia,21,6.0,0.0,1.5824999999999998,2.4166666666666665,0.6548275862068965,1.6755554945766924,1.6458,,,False,None
2020-03-09,Sofia,21,6.0,0.0,1.5192,2.1266666666666665,0.7143573667711599,1.288888827910026,1.5824999999999998,0.09666666666666666,16.370689655172413,False,None
2020-03-09,Sofia,21,6.0,0.0,7.659299999999999,14.5,0.5282275862068965,26.422222161243358,7.8492,0.29,27.06620689655173,False,None
2020-03-09,Sofia,21,6.0,0.0,2.3421,4.253333333333333,0.5506504702194357,1.1922221612433592,2.2788,0.19333333333333333,11.786896551724135,False,None
2020-03-09,Sofia,21,6.0,0.0,1.5192,2.9,0.5238620689655172,26.80888882791002,1.4559,,,False,None
2020-03-09,Sofia,21,6.0,0.0,0.633,1.2566666666666666,0.5037135278514591,5.6388888279100255,0.6962999999999999,0.09666666666666666,7.203103448275861,False,None
2020-03-09,Sofia,21,6.0,0.0,3.2283,6.863333333333332,0.4703691112190384,2.932222161243359,3.2283,0.09666666666666666,33.396206896551725,False,None
2020-03-09,Sofia,21,6.0,0.0,1.8357,3.963333333333333,0.4631707317073171,10.665555494576694,1.9623,0.09666666666666666,20.299655172413797,False,None
2020-03-09,Sofia,21,6.0,0.0,2.0256,3.19,0.6349843260188087,0.9022221612433592,1.899,0.09666666666666666,19.64482758620689,False,None
2020-03-09,Sofia,21,6.0,0.0,0.633,1.45,0.43655172413793103,10.665555494576694,0.7595999999999999,,,False,None
2020-03-09,Sofia,21,6.0,0.0,0.8229,1.16,0.709396551724138,3.3188888279100257,0.8229,0.09666666666666666,8.512758620689652,False,None
2020-03-09,Sofia,21,6.0,0.0,1.3925999999999998,3.0933333333333333,0.4501939655172413,2.4488888279100256,1.3925999999999998,0.09666666666666666,14.406206896551723,False,None
2020-03-09,Sofia,21,6.0,0.0,0.8861999999999999,1.643333333333333,0.5392697768762676,1.9655554945766924,0.8861999999999999,0.09666666666666666,9.167586206896553,False,None
2020-03-09,Sofia,21,6.0,0.0,1.2027,2.2233333333333336,0.5409445277361318,4.478888827910025,1.2027,0.09666666666666666,12.441724137931034,False,None
2020-03-09,Sofia,21,6.0,0.0,,,,,,,,False,None
2020-03-09,Sofia,21,6.0,0.0,0.6962999999999999,1.16,0.6002586206896552,12.21222216124336,0.7595999999999999,0.09666666666666666,7.857931034482758,False,None
2020-03-09,Sofia,21,6.0,0.0,1.7723999999999998,2.61,0.6790804597701149,14.435555494576693,1.7723999999999998,0.19333333333333333,9.167586206896553,False,None
2020-03-09,Sofia,21,6.0,0.0,1.899,3.963333333333333,0.4791421362489487,24.295555494576693,1.899,0.09666666666666666,19.64482758620689,False,None
2020-03-09,Sofia,21,6.0,0.0,1.6458,2.7066666666666666,0.6080541871921182,0.6122221612433593,1.6458,0.09666666666666666,17.025517241379312,False,None
2020-03-09,Sofia,21,6.0,0.0,0.633,1.2566666666666666,0.5037135278514591,7.475555494576692,0.633,0.09666666666666666,6.548275862068966,False,None
2020-03-09,Sofia,21,6.0,0.0,3.2283,5.026666666666666,0.6422347480106101,1.868888827910026,3.5447999999999995,0.19333333333333333,18.335172413793106,False,None
2020-03-09,Sofia,21,6.0,0.0,0.6962999999999999,1.2566666666666666,0.5540848806366048,2.6422221612433594,0.7595999999999999,0.09666666666666666,7.857931034482758,False,None
2020-03-09,Sofia,21,6.0,0.0,,,,,,,,False,None
2020-03-09,Sofia,21,6.0,0.0,0.8229,1.643333333333333,0.5007505070993915,2.35222216124336,0.9495,0.09666666666666666,9.822413793103447,False,None
2020-03-09,Sofia,21,6.0,0.0,2.5953,4.833333333333333,0.5369586206896552,1.6755554945766924,2.5953,0.09666666666666666,26.84793103448276,False,None
2020-03-09,Sofia,21,6.0,0.0,0.2532,0.6766666666666666,0.3741871921182266,2.0622221612433598,0.2532,,,False,None
2020-03-09,Sofia,21,6.0,0.0,2.0256,3.963333333333333,0.5110849453322119,22.072222161243356,2.0889,0.09666666666666666,21.609310344827584,False,None
2020-03-09,Sofia,21,6.0,0.0,1.1394,2.03,0.56128078817734,8.732222161243358,1.1394,0.09666666666666666,11.786896551724135,False,None
2020-03-09,Sofia,21,6.0,0.0,1.5192,2.1266666666666665,0.7143573667711599,1.7722221612433593,1.5192,0.19333333333333333,7.857931034482758,False,None
2020-03-09,Sofia,21,6.0,0.0,1.7090999999999998,2.61,0.6548275862068965,16.46555549457669,1.7723999999999998,0.29,6.111724137931034,False,None
2020-03-09,Sofia,21,6.0,0.0,2.0256,2.9966666666666666,0.6759510567296997,1.9655554945766924,2.0889,0.09666666666666666,21.609310344827584,False,None
2020-03-09,Sofia,21,6.0,0.0,2.2788,3.77,0.6044562334217506,15.112222161243361,2.2155,0.19333333333333333,11.45948275862069,False,None
2020-03-09,Sofia,21,6.0,0.0,8.608799999999999,17.689999999999994,0.486647823629169,13.565555494576692,8.735399999999998,0.7733333333333333,11.295775862068965,False,None
2020-03-09,Sofia,21,6.0,0.0,9.0519,17.786666666666672,0.5089149175412293,2.6422221612433594,9.5583,0.58,16.479827586206895,True,None
2020-03-09,Sofia,21,6.0,0.0,4.367699999999999,8.506666666666666,0.5134443573667711,29.90222216124336,4.3043999999999984,0.19333333333333333,22.26413793103448,False,None
2020-03-09,Sofia,21,6.0,0.0,,,,,,,,False,None
2020-03-09,Sofia,21,6.0,0.0,5.064,10.536666666666664,0.4806074027206581,33.672222161243354,5.064,0.19333333333333333,26.193103448275863,False,None
2020-03-09,Sofia,21,6.0,0.0,4.9373999999999985,9.086666666666666,0.5433675715333822,0.6122221612433593,5.000699999999998,0.19333333333333333,25.86568965517241,False,None
2020-03-09,Sofia,21,6.0,0.0,1.899,3.4799999999999995,0.5456896551724139,2.4488888279100256,1.7723999999999998,,,False,None
2020-03-09,Sofia,21,6.0,0.0,,,,,,,,False,None
2020-03-09,Sofia,21,6.0,0.0,1.8357,3.286666666666666,0.5585294117647058,1.3855554945766926,2.0256,0.09666666666666666,20.954482758620692,False,None
2020-03-09,Sofia,21,6.0,0.0,5.2539,9.473333333333333,0.5545988740323716,2.8355554945766928,5.4438,0.4833333333333333,11.26303448275862,False,None
2020-03-09,Sofia,21,6.0,0.0,1.7090999999999998,2.803333333333333,0.609667063020214,27.29222216124336,1.899,0.19333333333333333,9.822413793103447,False,None
2020-03-09,Sofia,21,6.0,0.0,0.6962999999999999,0.9666666666666668,0.7203103448275862,6.122222161243359,0.6962999999999999,0.09666666666666666,7.203103448275861,False,None
2020-03-09,Sofia,21,6.0,0.0,3.9246,7.83,0.5012260536398467,33.672222161243354,3.798,0.19333333333333333,19.64482758620689,False,None
2020-03-09,Sofia,21,6.0,0.0,1.6458,2.7066666666666666,0.6080541871921182,42.662222161243356,1.5824999999999998,0.09666666666666666,16.370689655172413,False,None
2020-03-09,Sofia,21,6.0,0.0,0.633,1.3533333333333333,0.4677339901477833,3.8022221612433587,0.633,,,False,None
2020-03-09,Sofia,21,6.0,0.0,1.3925999999999998,2.9,0.4802068965517241,23.03888882791002,1.5824999999999998,0.19333333333333333,8.185344827586206,False,None
2020-03-09,Sofia,21,6.0,0.0,4.2410999999999985,7.636666666666668,0.5553601047577477,1.0955554945766923,4.367699999999999,0.29,15.06103448275862,False,None
2020-03-09,Sofia,21,6.0,0.0,4.431,8.7,0.5093103448275863,7.765555494576692,4.367699999999999,0.09666666666666666,45.18310344827586,False,None
2020-03-09,Sofia,21,6.0,0.0,1.8357,3.286666666666666,0.5585294117647058,2.6422221612433594,1.899,0.09666666666666666,19.64482758620689,False,None
2020-03-09,Sofia,21,6.0,0.0,4.1145,7.83,0.5254789272030651,1.0955554945766923,4.3043999999999984,0.19333333333333333,22.26413793103448,False,None
2020-03-09,Sofia,21,6.0,0.0,3.6081,6.573333333333332,0.5488995943204868,15.112222161243361,3.6081,0.09666666666666666,37.32517241379311,False,None
2020-03-09,Sofia,21,6.0,0.0,1.7090999999999998,3.0933333333333333,0.552510775862069,7.088888827910027,1.7723999999999998,0.19333333333333333,9.167586206896553,False,None
2020-03-09,Sofia,21,6.0,0.0,4.367699999999999,8.796666666666663,0.4965176203107238,1.6755554945766924,4.9373999999999985,0.09666666666666666,51.07655172413793,True,None
2020-03-09,Sofia,21,6.0,0.0,2.9751,5.51,0.5399455535390201,16.46555549457669,3.0384,0.19333333333333333,15.715862068965516,False,None
2020-03-09,Sofia,21,6.0,0.0,1.899,3.0933333333333333,0.6139008620689654,1.3855554945766926,1.8357,,,False,None
2020-03-09,Sofia,21,6.0,0.0,,,,,,,,False,None
2020-03-09,Sofia,21,6.0,0.0,4.9373999999999985,10.053333333333333,0.4911206896551724,8.828888827910026,4.8108,0.19333333333333333,24.88344827586207,False,None
2020-03-09,Sofia,21,6.0,0.0,5.064,9.376666666666667,0.5400639886242445,10.278888827910027,5.064,0.29,17.462068965517243,False,None
2020-03-09,Sofia,21,6.0,0.0,3.1017,5.51,0.5629219600725952,33.188888827910034,3.0384,0.29,10.477241379310342,False,None
2020-03-09,Sofia,21,6.0,0.0,1.0128,2.1266666666666665,0.4762382445141066,29.51555549457669,1.0128,0.09666666666666666,10.477241379310342,False,None
2020-03-09,Sofia,21,6.0,0.0,2.7219,6.573333333333332,0.4140821501014199,12.50222216124336,2.7219,0.09666666666666666,28.157586206896553,False,None
2020-03-09,Sofia,21,6.0,0.0,0.3165,0.58,0.5456896551724139,1.288888827910026,0.3798,,,False,None
2020-03-09,Sofia,21,6.0,0.0,1.9623,3.19,0.615141065830721,25.455555494576693,1.9623,0.38666666666666666,5.074913793103448,False,None
2020-03-09,Sofia,21,6.0,0.0,1.8357,3.5766666666666667,0.5132432432432432,1.0955554945766923,1.8357,0.09666666666666666,18.99,False,None
2020-03-09,Sofia,21,6.0,0.0,3.4182,6.38,0.5357680250783698,4.478888827910025,3.5447999999999995,0.19333333333333333,18.335172413793106,False,None
2020-03-09,Sofia,21,6.0,0.0,1.0760999999999998,2.2233333333333336,0.4840029985007495,24.005555494576694,1.1394,0.19333333333333333,5.8934482758620685,False,None
2020-03-09,Sofia,21,6.0,0.0,0.4431,1.0633333333333332,0.4167084639498432,10.568888827910024,0.3798,0.09666666666666666,3.928965517241379,False,None
2020-03-09,Sofia,21,6.0,0.0,3.4815,6.38,0.5456896551724137,22.168888827910028,3.3549,0.19333333333333333,17.352931034482758,False,None
2020-03-09,Sofia,21,6.0,0.0,5.633699999999998,11.6,0.4856637931034482,28.742222161243358,5.633699999999998,0.19333333333333333,29.139827586206888,False,None
2020-03-09,Sofia,21,6.0,0.0,1.2027,2.513333333333333,0.4785278514588859,9.698888827910023,1.2027,0.09666666666666666,12.441724137931034,False,None
2020-03-09,Sofia,21,6.0,0.0,5.7603,10.826666666666664,0.5320474137931035,18.59222216124336,6.0135,0.19333333333333333,31.104310344827585,False,None
2020-03-09,Sofia,21,6.0,0.0,2.2155,4.736666666666666,0.4677339901477833,12.405555494576692,2.2155,0.19333333333333333,11.45948275862069,False,None
2020-03-09,Sofia,21,6.0,0.0,4.0512,6.7666666666666675,0.5986995073891626,0.9022221612433592,4.1778,0.09666666666666666,43.21862068965517,False,None
2020-03-09,Sofia,21,6.0,0.0,11.2674,21.266666666666666,0.5298150470219435,2.6422221612433594,11.330699999999998,0.4833333333333333,23.44282758620689,False,None
2020-03-09,Sofia,21,6.0,0.0,1.9623,2.9,0.6766551724137931,3.8988888279100262,2.0889,0.09666666666666666,21.609310344827584,False,None
2020-03-09,Sofia,21,6.0,0.0,6.1401,11.503333333333332,0.5337670240509997,16.658888827910026,6.5832,0.19333333333333333,34.051034482758624,True,None
2020-03-09,Sofia,21,6.0,0.0,5.2539,9.183333333333334,0.5721125226860254,4.478888827910025,5.5703999999999985,0.38666666666666666,14.406206896551723,False,None
2020-03-09,Sofia,21,6.0,0.0,0.8861999999999999,1.5466666666666666,0.5729741379310345,16.75555549457669,0.8861999999999999,0.09666666666666666,9.167586206896553,False,None
2020-03-09,Sofia,21,6.0,0.0,8.229,16.433333333333334,0.5007505070993914,21.298888827910027,8.608799999999999,0.58,14.842758620689654,True,None
2020-03-11,Sofia,12,5.0,100.0,8.418899999999999,10.789333333333332,0.7802984429065742,0.38533333333333336,3.1017,2.6010000000000004,1.1925028835063436,True,WT
2020-03-11,Sofia,12,5.0,100.0,12.4701,19.652,0.6345461021778953,0.8670000000000001,2.0256,1.5413333333333334,1.3141868512110724,True,WT
2020-03-11,Sofia,12,5.0,100.0,12.027000000000001,19.652,0.6119987787502543,0.19266666666666668,6.0768,2.6973333333333334,2.252891744933267,True,WT
2020-03-11,Sofia,12,5.0,100.0,5.5703999999999985,9.922333333333334,0.5614002082843416,0.09633333333333334,2.7852,0.7706666666666667,3.6140138408304487,True,WT
2020-03-11,Sofia,12,5.0,100.0,6.0768,12.716,0.4778861277131173,1.156,4.367699999999999,2.408333333333333,1.8135778546712802,True,WT
2020-03-11,Sofia,12,5.0,100.0,1.1394,1.445,0.7885121107266435,0.4816666666666667,0.6962999999999999,0.6743333333333333,1.0325753830944142,True,WT
2020-03-11,Sofia,12,5.0,100.0,2.2788,5.4910000000000005,0.4150063740666545,2.119333333333333,1.266,0.4816666666666667,2.628373702422145,True,WT
2020-03-11,Sofia,12,5.0,100.0,5.8236,9.633333333333333,0.6045259515570934,0.09633333333333334,2.532,1.156,2.190311418685121,True,WT
2020-03-11,Sofia,12,5.0,100.0,2.4687,4.624,0.5338884083044982,0.09633333333333334,0.8229,0.38533333333333336,2.135553633217993,True,WT
2020-03-11,Sofia,12,5.0,100.0,10.128,14.642666666666667,0.6916772901110909,1.0596666666666668,3.798,1.348666666666667,2.816114681166584,True,WT
2020-03-11,Sofia,12,5.0,100.0,4.4943,7.995666666666668,0.5620919664818443,0.289,1.899,1.2523333333333333,1.5163694437050836,True,WT
2020-03-11,Sofia,12,5.0,100.0,4.8108,8.381,0.5740126476554109,0.09633333333333334,1.9623,0.6743333333333333,2.909985170538804,True,WT
2020-03-11,Sofia,12,5.0,100.0,9.8115,17.821666666666665,0.5505377349668007,0.09633333333333334,6.8363999999999985,4.142333333333334,1.6503741852418117,True,WT
2020-03-11,Sofia,12,5.0,100.0,6.1401,14.642666666666667,0.4193293571298488,0.7706666666666667,4.0512,1.156,3.5044982698961937,True,WT
2020-03-11,Sofia,12,5.0,100.0,1.7090999999999998,4.335,0.39425605536332176,0.19266666666666668,1.1394,0.4816666666666667,2.3655363321799308,True,WT
2020-03-11,Sofia,12,5.0,100.0,,,,,,,,False,WT
2020-03-11,Sofia,12,5.0,100.0,5.3805,7.610333333333332,0.7069992553983618,0.289,0.8229,1.2523333333333333,0.6570934256055363,True,WT
2020-03-11,Sofia,12,5.0,100.0,2.6586,4.142333333333334,0.6418121831495934,0.09633333333333334,0.5064,0.8670000000000001,0.5840830449826988,True,WT
2020-03-11,Sofia,12,5.0,100.0,6.266699999999998,10.693,0.5860562985130457,0.289,3.4815,0.9633333333333334,3.6140138408304487,True,WT
2020-03-11,Sofia,12,5.0,100.0,6.4566,9.922333333333334,0.6507138777841233,2.6010000000000004,3.165,2.119333333333333,1.4933941491034914,True,WT
2020-03-11,Sofia,12,5.0,100.0,18.4203,25.81733333333333,0.7134857718328771,0.19266666666666668,14.4957,7.995666666666668,1.812944511610456,True,WT
2020-03-11,Sofia,12,5.0,100.0,3.0384,5.394666666666668,0.5632229362333168,0.19266666666666668,1.6458,0.8670000000000001,1.8982698961937716,True,WT
2020-03-11,Sofia,12,5.0,100.0,1.5824999999999998,2.6010000000000004,0.6084198385236447,1.445,1.1394,0.6743333333333333,1.6896688086999505,True,WT
2020-03-11,Sofia,12,5.0,100.0,14.115899999999998,25.04666666666667,0.5635839765770561,0.09633333333333334,12.4701,9.537,1.3075495438817235,True,WT
2020-03-11,Sofia,12,5.0,100.0,3.1017,4.913,0.6313250559739466,0.8670000000000001,2.0256,0.578,3.5044982698961937,True,WT
2020-03-11,Sofia,12,5.0,100.0,5.5703999999999985,8.67,0.6424913494809688,0.289,2.7219,1.348666666666667,2.0182155215027184,True,WT
2020-03-11,Sofia,12,5.0,100.0,6.2033999999999985,9.344333333333333,0.6638675846323975,1.5413333333333334,2.5953,1.5413333333333334,1.6838019031141866,True,WT
2020-03-11,Sofia,12,5.0,100.0,4.2410999999999985,8.766333333333334,0.4837940606106696,0.19266666666666668,3.3549,1.0596666666666668,3.1659955960994015,True,WT
2020-03-11,Sofia,13,5.0,100.0,10.2546,15.811000000000002,0.6485737777496678,0.4243750000000001,5.7603,2.716,2.120876288659794,True,P191R
2020-03-11,Sofia,13,5.0,100.0,0.9495,2.813,0.3375399928901528,0.909375,0.3165,0.29100000000000004,1.0876288659793814,True,P191R
2020-03-11,Sofia,13,5.0,100.0,4.4943,6.596,0.6813674954517889,0.715375,1.0128,0.485,2.088247422680412,True,P191R
2020-03-11,Sofia,13,5.0,100.0,2.532,4.365,0.5800687285223367,0.715375,0.633,0.29100000000000004,2.1752577319587627,True,P191R
2020-03-11,Sofia,13,5.0,100.0,2.7219,4.171,0.6525773195876288,0.909375,0.3165,0.29100000000000004,1.0876288659793814,True,P191R
2020-03-11,Sofia,13,5.0,100.0,2.8485,5.529,0.5151926207270754,1.491375,1.0760999999999998,0.7759999999999999,1.386726804123711,True,P191R
2020-03-11,Sofia,13,5.0,100.0,2.8485,4.947,0.5758035172832019,1.103375,0.8229,1.164,0.7069587628865979,True,P191R
2020-03-11,Sofia,13,5.0,100.0,2.3421,3.492,0.6707044673539518,0.521375,0.2532,0.5820000000000001,0.4350515463917525,True,P191R
2020-03-11,Sofia,13,5.0,100.0,4.8740999999999985,10.088,0.4831582077716098,0.618375,2.0256,1.358,1.49160530191458,True,P191R
2020-03-11,Sofia,13,5.0,100.0,4.4943,8.536000000000001,0.5265112464854732,0.909375,1.6458,0.7759999999999999,2.120876288659794,True,P191R
2020-03-11,Sofia,13,5.0,100.0,7.7859,11.931,0.6525773195876288,0.4243750000000001,3.798,2.716,1.3983799705449187,True,P191R
2020-03-11,Sofia,13,5.0,100.0,4.5576,8.148,0.5593519882179676,0.521375,1.2027,0.7759999999999999,1.5498711340206184,True,P191R
2020-03-11,Sofia,13,5.0,100.0,4.2410999999999985,7.178,0.5908470325996098,0.230375,0.5064,0.38799999999999996,1.3051546391752575,True,P191R
2020-03-11,Sofia,13,5.0,100.0,12.5334,21.243,0.5900014122299109,1.103375,5.4438,1.358,4.0086892488954335,True,P191R
2020-03-11,Sofia,13,5.0,100.0,8.672099999999999,13.774,0.6295992449542616,0.521375,3.4182,2.1340000000000003,1.6017806935332703,True,P191R
2020-03-11,Sofia,13,5.0,100.0,3.6081,4.6560000000000015,0.7749355670103092,1.2003750000000002,0.8861999999999999,0.7759999999999999,1.1420103092783502,True,P191R
2020-03-11,Sofia,13,5.0,100.0,2.0256,3.201,0.6328022492970946,0.4243750000000001,0.5064,0.5820000000000001,0.8701030927835051,True,P191R
2020-03-11,Sofia,13,5.0,100.0,4.5576,9.408999999999999,0.484387288766075,0.327375,1.9623,1.4550000000000003,1.348659793814433,True,P191R
2020-03-11,Sofia,13,5.0,100.0,4.7475,7.275,0.6525773195876288,1.103375,0.8229,1.164,0.7069587628865979,True,P191R
2020-03-11,Sofia,13,5.0,100.0,9.7482,14.55,0.6699793814432988,1.297375,5.2539,2.716,1.9344256259204708,True,P191R
2020-03-11,Sofia,13,5.0,100.0,5.000699999999998,11.155,0.4482922456297623,0.812375,2.7219,1.649,1.6506367495451788,True,P191R
2020-03-11,Sofia,13,5.0,100.0,4.1778,9.215,0.4533695062398263,0.521375,1.3293,0.5820000000000001,2.2840206185567005,True,P191R
2020-03-11,Sofia,13,5.0,100.0,4.8740999999999985,11.252,0.4331763242090294,0.13337500000000002,1.899,0.5820000000000001,3.2628865979381434,True,P191R
2020-03-11,Sofia,13,5.0,100.0,6.899699999999998,9.991,0.6905915323791411,0.4243750000000001,2.1522,1.4550000000000003,1.479175257731958,True,P191R
2020-03-11,Sofia,13,5.0,100.0,1.9623,3.686,0.5323657080846446,0.909375,0.3798,0.29100000000000004,1.3051546391752575,True,P191R
2020-03-11,Sofia,13,5.0,100.0,5.2539,7.857,0.6686903398243604,1.103375,1.8357,0.97,1.8924742268041237,True,P191R
2020-03-11,Sofia,13,5.0,100.0,8.355599999999999,13.774,0.6066211703208944,1.394375,2.7219,1.94,1.4030412371134018,True,P191R
2020-03-11,Sofia,13,5.0,100.0,1.266,3.3950000000000005,0.372901325478645,0.230375,0.6962999999999999,0.5820000000000001,1.1963917525773191,True,P191R
2020-03-11,Sofia,13,5.0,100.0,11.393999999999998,20.467,0.556701030927835,0.909375,7.595999999999999,3.3950000000000005,2.23740795287187,True,P191R
2020-03-11,Sofia,13,5.0,100.0,6.5199,9.991,0.6525773195876288,0.909375,2.7219,2.037,1.3362297496318114,True,P191R
2020-03-11,Sofia,13,5.0,100.0,6.1401,9.603000000000002,0.6393939393939392,0.521375,0.5697,0.19399999999999998,2.9365979381443297,True,P191R
2020-03-11,Sofia,13,5.0,100.0,3.6081,6.3050000000000015,0.5722601110229976,0.327375,0.5697,0.19399999999999998,2.9365979381443297,True,P191R
2020-03-11,Sofia,13,5.0,100.0,0.7595999999999999,2.9100000000000006,0.2610309278350515,2.2673750000000004,0.633,0.19399999999999998,3.2628865979381443,False,P191R
2020-03-11,Sofia,13,5.0,100.0,5.633699999999998,9.118,0.6178657600350953,1.394375,1.266,0.679,1.8645066273932247,True,P191R
2020-03-11,Sofia,13,5.0,100.0,4.3043999999999984,7.566000000000002,0.5689135606661379,0.327375,0.5064,0.29100000000000004,1.7402061855670101,True,P191R
2020-03-11,Sofia,13,5.0,100.0,2.6586,5.432,0.4894329896907216,0.4243750000000001,0.4431,0.38799999999999996,1.1420103092783502,True,P191R
2020-03-11,Sofia,13,5.0,100.0,3.6714,6.3050000000000015,0.5822997620935765,1.976375,0.9495,0.485,1.9577319587628863,True,P191R
2020-03-11,Sofia,13,5.0,100.0,7.406099999999999,15.132,0.4894329896907216,0.036375000000000005,5.633699999999998,4.074,1.3828424153166423,True,P191R
2020-03-11,Sofia,13,5.0,100.0,7.9758,13.580000000000002,0.5873195876288658,0.909375,3.2916,1.4550000000000003,2.262268041237113,True,P191R
2020-03-11,Sofia,13,5.0,100.0,5.1273,8.439,0.6075719872022751,0.715375,1.2027,1.0670000000000002,1.1271790065604497,True,P191R
2020-03-11,Sofia,13,5.0,100.0,4.431,7.081,0.6257590735771783,0.327375,0.7595999999999999,0.7759999999999999,0.9788659793814432,True,P191R
2020-03-11,Sofia,13,5.0,100.0,7.532699999999998,12.027999999999999,0.6262637179913534,1.491375,2.2788,1.649,1.3819284414796846,True,P191R
2020-03-11,Sofia,13,5.0,100.0,5.9502,11.446,0.5198497291630264,0.715375,1.2027,0.7759999999999999,1.5498711340206184,True,P191R
2020-03-11,Sofia,13,5.0,100.0,2.2788,2.9100000000000006,0.7830927835051544,0.4243750000000001,0.3798,0.29100000000000004,1.3051546391752575,True,P191R
2020-03-11,Sofia,13,5.0,100.0,8.9886,13.870999999999999,0.6480138418282748,0.327375,5.9502,3.783,1.5728786677240283,True,P191R
2020-03-11,Sofia,13,5.0,100.0,5.000699999999998,11.252,0.4444276573053678,1.006375,2.7219,1.261,2.1585249801744646,True,P191R
2020-03-11,Sofia,13,5.0,100.0,3.9246,7.468999999999999,0.5254518677199089,1.491375,1.899,0.5820000000000001,3.2628865979381434,True,P191R
2020-03-11,Sofia,13,5.0,100.0,7.4693999999999985,13.192,0.5662067919951486,0.327375,2.5953,0.97,2.6755670103092783,True,P191R
2020-03-11,Sofia,13,5.0,100.0,6.0768,9.7,0.6264742268041237,0.909375,2.0256,1.4550000000000003,1.3921649484536078,True,P191R
2020-03-11,Sofia,13,5.0,100.0,3.0384,5.2379999999999995,0.5800687285223367,0.521375,0.8861999999999999,0.679,1.3051546391752575,True,P191R
2020-03-11,Sofia,13,5.0,100.0,12.0903,21.922000000000004,0.5515144603594561,0.618375,10.064699999999998,2.2310000000000003,4.511295383236216,True,P191R
2020-03-11,Sofia,13,5.0,100.0,2.8485,5.626,0.5063099893352292,0.618375,0.5697,0.5820000000000001,0.9788659793814432,True,P191R
2020-03-11,Sofia,13,5.0,100.0,9.7482,16.684,0.5842843442819466,0.230375,5.3172,2.813,1.890223960184856,True,P191R
2020-03-11,Sofia,13,5.0,100.0,7.2795,11.252,0.6469516530394596,1.394375,2.8485,1.746,1.6314432989690717,True,P191R
2020-03-11,Sofia,13,5.0,100.0,5.9502,9.7,0.6134226804123711,1.2003750000000002,1.5192,1.0670000000000002,1.4238050609184627,True,P191R
2020-03-11,Sofia,13,5.0,100.0,3.8613,5.917000000000002,0.6525773195876287,1.103375,0.6962999999999999,0.5820000000000001,1.1963917525773191,True,P191R
2020-03-11,Sofia,13,5.0,100.0,4.9373999999999985,9.991,0.4941847662896606,0.715375,2.3421,0.873,2.682817869415808,True,P191R
2020-03-11,Sofia,13,5.0,100.0,6.266699999999998,9.991,0.6272345110599538,0.521375,1.2027,0.7759999999999999,1.5498711340206184,True,P191R
2020-03-11,Sofia,13,5.0,100.0,3.1017,4.171,0.7436346199952049,0.909375,0.633,0.5820000000000001,1.0876288659793814,True,P191R
2020-03-11,Sofia,13,5.0,100.0,6.0135,9.021,0.6666112404389758,0.4243750000000001,0.9495,0.485,1.9577319587628863,True,P191R
2020-03-11,Sofia,13,5.0,100.0,15.5718,25.316999999999997,0.6150728759331674,0.327375,13.293,3.88,3.4260309278350514,True,P191R
2020-03-11,Sofia,13,5.0,100.0,9.1152,14.744000000000002,0.6182311448724904,1.297375,4.2410999999999985,2.1340000000000003,1.9873945641986877,True,P191R
2020-03-11,Sofia,13,5.0,100.0,2.2788,5.335,0.4271415182755389,0.327375,0.633,0.5820000000000001,1.0876288659793814,True,P191R
2020-03-11,Sofia,13,5.0,100.0,5.000699999999998,9.118,0.5484426409300284,0.715375,1.3293,0.485,2.7408247422680407,True,P191R
2020-03-11,Sofia,13,5.0,100.0,3.3549,6.013999999999999,0.5578483538410375,0.4243750000000001,0.7595999999999999,0.38799999999999996,1.9577319587628863,True,P191R
2020-03-11,Sofia,13,5.0,100.0,3.5447999999999995,5.820000000000001,0.6090721649484534,0.4243750000000001,0.6962999999999999,0.485,1.4356701030927832,True,P191R
2020-03-11,Sofia,13,5.0,100.0,2.0256,3.783,0.5354480570975415,0.13337500000000002,0.4431,0.29100000000000004,1.5226804123711335,True,P191R
2020-03-11,Sofia,13,5.0,100.0,9.3051,13.482999999999999,0.69013572647037,0.327375,4.0512,1.843,2.198155181768855,True,P191R
2020-03-11,Sofia,13,5.0,100.0,5.5070999999999986,8.633000000000001,0.6379126607204909,1.103375,2.0889,1.649,1.2667677380230442,True,P191R
2020-03-11,Sofia,13,5.0,100.0,9.7482,16.199,0.6017778875239211,0.909375,3.9246,1.649,2.3799878714372347,True,P191R
2020-03-11,Sofia,13,5.0,100.0,5.064,7.857,0.6445208094692629,0.618375,0.9495,0.679,1.3983799705449187,True,P191R
2020-03-11,Sofia,13,5.0,100.0,3.3549,6.402,0.5240393626991565,1.006375,0.4431,0.29100000000000004,1.5226804123711335,True,P191R
2020-03-11,Sofia,13,5.0,100.0,7.406099999999999,10.67,0.6941049671977506,1.103375,3.5447999999999995,1.5519999999999998,2.2840206185567005,True,P191R
2020-03-11,Sofia,13,5.0,100.0,4.2410999999999985,6.3050000000000015,0.6726566217287865,1.394375,1.0128,0.485,2.088247422680412,True,P191R
2020-03-11,Sofia,13,5.0,100.0,1.2027,3.589,0.3351072722206743,5.468375,1.0128,0.7759999999999999,1.3051546391752575,False,P191R
2020-03-11,Sofia,13,5.0,100.0,3.798,9.603000000000002,0.3955014058106841,0.618375,1.9623,1.358,1.4449926362297494,True,P191R
2020-03-11,Sofia,13,5.0,100.0,3.4815,6.790000000000001,0.5127393225331368,2.073375,0.5697,0.29100000000000004,1.9577319587628863,True,P191R
2020-03-11,Sofia,13,5.0,100.0,1.5824999999999998,3.1039999999999996,0.5098260309278351,0.327375,0.4431,0.29100000000000004,1.5226804123711335,True,P191R
2020-03-11,Sofia,13,5.0,100.0,4.8740999999999985,8.051,0.6054030555210532,0.909375,2.2788,1.5519999999999998,1.4682989690721648,True,P191R
2020-03-11,Sofia,13,5.0,100.0,7.532699999999998,15.811000000000002,0.4764214787173486,1.394375,5.3172,1.94,2.7408247422680407,True,P191R
2020-03-11,Sofia,13,5.0,100.0,5.3805,12.319,0.4367643477554997,1.2003750000000002,3.3549,1.358,2.4704712812960232,True,P191R
2020-03-11,Sofia,13,5.0,100.0,4.8108,7.081,0.6793955655980792,0.909375,1.0128,0.38799999999999996,2.610309278350515,True,P191R
2020-03-11,Sofia,13,5.0,100.0,4.4943,6.1110000000000015,0.7354442808051055,0.909375,2.3421,1.0670000000000002,2.1950328022492966,True,P191R
2020-03-11,Sofia,21,5.0,0.0,8.9886,16.878,0.5325630998933523,0.97,9.3051,0.485,19.185773195876287,False,None
2020-03-11,Sofia,21,5.0,0.0,10.064699999999998,16.296,0.6176178203240058,1.358,10.1913,0.679,15.009278350515464,False,None
2020-03-11,Sofia,21,5.0,0.0,9.6849,19.982000000000006,0.4846812130917825,25.705,9.2418,0.679,13.610898379970546,True,None
2020-03-11,Sofia,21,5.0,0.0,0.8861999999999999,1.94,0.4568041237113401,13.386,1.0128,,,False,None
2020-03-11,Sofia,21,5.0,0.0,2.7852,5.141000000000001,0.5417623030538804,17.169,3.0384,0.09699999999999999,31.32371134020618,False,None
2020-03-11,Sofia,21,5.0,0.0,11.6472,20.273000000000003,0.574517831598678,16.199,11.7738,0.679,17.339911634756994,False,None
2020-03-11,Sofia,21,5.0,0.0,3.6081,6.402,0.563589503280225,12.901000000000002,3.7347,,,False,None
2020-03-11,Sofia,21,5.0,0.0,1.6458,4.365,0.3770446735395189,35.50199999999999,1.5824999999999998,0.19399999999999998,8.157216494845361,False,None
2020-03-11,Sofia,21,5.0,0.0,1.9623,3.298,0.5949969678593087,1.164,1.899,0.09699999999999999,19.577319587628864,False,None
2020-03-11,Sofia,21,5.0,0.0,2.2788,3.686,0.6182311448724904,1.164,2.3421,0.09699999999999999,24.145360824742266,False,None
2020-03-11,Sofia,21,5.0,0.0,3.5447999999999995,6.3050000000000015,0.5622204599524185,7.275,3.8613,0.19399999999999998,19.90360824742268,False,None
2020-03-11,Sofia,21,5.0,0.0,2.4687,5.044,0.4894329896907216,6.6930000000000005,2.7852,0.19399999999999998,14.356701030927837,False,None
2020-03-11,Sofia,21,5.0,0.0,0.3165,0.7759999999999999,0.407860824742268,4.365,0.3798,,,False,None
2020-03-11,Sofia,21,5.0,0.0,0.8861999999999999,1.5519999999999998,0.5710051546391751,4.4620000000000015,0.9495,,,False,None
2020-03-11,Sofia,21,5.0,0.0,,,,,,,,False,None
2020-03-11,Sofia,21,5.0,0.0,1.7723999999999998,3.201,0.5537019681349578,1.746,1.7723999999999998,0.09699999999999999,18.272164948453604,False,None
2020-03-11,Sofia,21,5.0,0.0,1.3293,2.522,0.5270816812053926,3.589,1.5192,0.09699999999999999,15.66185567010309,False,None
2020-03-11,Sofia,21,5.0,0.0,1.4559,3.3950000000000005,0.4288365243004418,8.148,1.6458,0.09699999999999999,16.96701030927835,False,None
2020-03-11,Sofia,21,5.0,0.0,5.5070999999999986,10.088,0.5459060269627279,27.451000000000004,5.3805,0.09699999999999999,55.46907216494846,False,None
2020-03-11,Sofia,21,5.0,0.0,1.3925999999999998,2.6189999999999998,0.5317296678121419,0.0,1.4559,,,False,None
2020-03-11,Sofia,21,5.0,0.0,3.1017,5.2379999999999995,0.5921534936998853,5.044,3.1017,0.09699999999999999,31.97628865979381,False,None
2020-03-11,Sofia,21,5.0,0.0,0.7595999999999999,2.037,0.3729013254786451,0.679,0.8861999999999999,,,False,None
2020-03-11,Sofia,21,5.0,0.0,3.2916,5.432,0.6059646539027982,6.790000000000001,3.5447999999999995,0.09699999999999999,36.54432989690721,False,None
2020-03-11,Sofia,21,5.0,0.0,0.8229,1.5519999999999998,0.5302190721649485,3.492,0.8861999999999999,0.09699999999999999,9.136082474226802,False,None
2020-03-11,Sofia,21,5.0,0.0,7.9758,14.55,0.5481649484536082,2.6189999999999998,7.9758,0.29100000000000004,27.40824742268041,False,None
2020-03-11,Sofia,21,5.0,0.0,0.5697,1.164,0.4894329896907216,1.358,0.6962999999999999,,,False,None
2020-03-11,Sofia,21,5.0,0.0,3.4182,4.85,0.7047835051546392,0.97,3.6081,0.19399999999999998,18.59845360824742,False,None
2020-03-11,Sofia,21,5.0,0.0,1.266,2.522,0.5019825535289453,24.735000000000007,1.4559,0.19399999999999998,7.504639175257733,False,None
2020-03-11,Sofia,21,5.0,0.0,2.0256,4.074,0.49720176730486,26.869000000000003,2.1522,0.09699999999999999,22.187628865979377,False,None
2020-03-11,Sofia,21,5.0,0.0,1.8357,4.6560000000000015,0.3942654639175257,11.737,1.9623,0.29100000000000004,6.743298969072164,False,None
2020-03-11,Sofia,21,5.0,0.0,1.1394,3.201,0.3559512652296157,3.0069999999999997,1.266,0.09699999999999999,13.051546391752574,False,None
2020-03-11,Sofia,21,5.0,0.0,1.7723999999999998,3.0069999999999997,0.5894246757565679,29.682,1.899,0.19399999999999998,9.788659793814432,False,None
2020-03-11,Sofia,21,5.0,0.0,2.4054,4.268000000000002,0.5635895032802248,0.97,2.4687,0.19399999999999998,12.72525773195876,False,None
2020-03-11,Sofia,21,5.0,0.0,2.9118,3.686,0.7899620184481823,3.783,3.1017,,,False,None
2020-03-11,Sofia,21,5.0,0.0,3.4815,6.207999999999999,0.5608086340206184,0.29100000000000004,3.6081,,,False,None
2020-03-11,Sofia,21,5.0,0.0,1.2027,1.843,0.6525773195876288,5.626,1.266,0.09699999999999999,13.051546391752574,False,None
2020-03-11,Sofia,21,5.0,0.0,5.9502,9.603000000000002,0.619618869103405,1.843,5.7603,0.29100000000000004,19.794845360824738,False,None
2020-03-11,Sofia,21,5.0,0.0,1.266,2.425,0.5220618556701031,0.97,1.3293,0.09699999999999999,13.704123711340205,False,None
2020-03-11,Sofia,21,5.0,0.0,0.3798,0.679,0.5593519882179675,13.289000000000001,0.3798,,,False,None
2020-03-11,Sofia,21,5.0,0.0,0.633,0.97,0.6525773195876288,0.679,0.633,0.09699999999999999,6.5257731958762895,False,None
2020-03-11,Sofia,21,5.0,0.0,5.5070999999999986,9.312,0.5913981958762885,3.0069999999999997,5.696999999999999,0.29100000000000004,19.57731958762886,False,None
2020-03-11,Sofia,21,5.0,0.0,3.1017,5.917000000000002,0.5242014534392427,8.633000000000001,3.165,0.29100000000000004,10.876288659793813,False,None
2020-03-11,Sofia,21,5.0,0.0,2.9751,5.2379999999999995,0.5679839633447881,2.2310000000000003,3.165,0.19399999999999998,16.314432989690722,False,None
2020-03-11,Sofia,21,5.0,0.0,,,,,,,,False,None
2020-03-11,Sofia,21,5.0,0.0,2.9118,6.1110000000000015,0.4764850270004909,0.97,3.2283,0.09699999999999999,33.281443298969066,False,None
2020-03-11,Sofia,21,5.0,0.0,7.4693999999999985,13.386,0.5580008964589869,1.843,8.0391,0.09699999999999999,82.87731958762886,True,None
2020-03-11,Sofia,21,5.0,0.0,4.8740999999999985,8.924000000000003,0.5461788435679066,1.261,5.1906,0.5820000000000001,8.918556701030926,True,None
2020-03-11,Sofia,21,5.0,0.0,0.9495,1.746,0.5438144329896907,0.873,1.0128,,,False,None
2020-03-11,Sofia,21,5.0,0.0,1.3925999999999998,2.9100000000000006,0.4785567010309277,3.686,1.6458,0.38799999999999996,4.241752577319588,False,None
2020-03-11,Sofia,21,5.0,0.0,0.6962999999999999,1.358,0.5127393225331369,1.649,0.7595999999999999,0.19399999999999998,3.9154639175257726,False,None
2020-03-11,Sofia,21,5.0,0.0,1.6458,3.1039999999999996,0.5302190721649485,0.09699999999999999,1.8357,,,False,None
2020-03-11,Sofia,21,5.0,0.0,1.3293,2.6189999999999998,0.5075601374570446,1.0670000000000002,1.5192,0.09699999999999999,15.66185567010309,False,None
2020-03-11,Sofia,21,5.0,0.0,6.8363999999999985,11.446,0.5972741569107112,4.074,6.7731,0.485,13.965154639175255,False,None
2020-03-11,Sofia,21,5.0,0.0,0.5064,0.873,0.5800687285223367,5.141000000000001,0.5064,0.09699999999999999,5.22061855670103,False,None
2020-03-11,Sofia,21,5.0,0.0,1.4559,2.522,0.5772799365582871,7.468999999999999,1.4559,0.19399999999999998,7.504639175257733,False,None
2020-03-11,Sofia,21,5.0,0.0,4.431,7.857,0.5639557082856052,1.649,4.6842,0.29100000000000004,16.096907216494838,False,None
2020-03-11,Sofia,21,5.0,0.0,3.5447999999999995,5.820000000000001,0.6090721649484534,2.6189999999999998,3.7347,0.29100000000000004,12.834020618556698,False,None
2020-03-11,Sofia,21,5.0,0.0,1.3293,2.2310000000000003,0.5958314657104437,24.346999999999998,1.3925999999999998,0.09699999999999999,14.356701030927837,False,None
2020-03-11,Sofia,21,5.0,0.0,0.7595999999999999,1.358,0.5593519882179675,3.589,0.8229,0.09699999999999999,8.483505154639175,False,None
2020-03-11,Sofia,21,5.0,0.0,2.5953,3.88,0.6688917525773195,14.453,2.7852,0.38799999999999996,7.178350515463919,False,None
2020-03-11,Sofia,21,5.0,0.0,0.8861999999999999,1.649,0.5374166161309883,0.97,0.9495,0.19399999999999998,4.894329896907216,False,None
2020-03-11,Sofia,21,5.0,0.0,6.329999999999999,12.513000000000002,0.5058738911532006,1.0670000000000002,6.5832,0.29100000000000004,22.62268041237113,False,None
2020-03-11,Sofia,21,5.0,0.0,1.899,3.0069999999999997,0.6315264383106085,0.7759999999999999,1.899,0.29100000000000004,6.525773195876287,False,None
2020-03-11,Sofia,21,5.0,0.0,5.1906,9.991,0.5195275748173355,8.827,4.8108,0.38799999999999996,12.398969072164949,True,None
2020-03-11,Sofia,21,5.0,0.0,2.2788,3.298,0.6909642207398423,1.164,2.3421,0.19399999999999998,12.072680412371133,False,None
2020-03-11,Sofia,21,5.0,0.0,0.3798,0.97,0.3915463917525773,5.529,0.4431,,,False,None
2020-03-11,Sofia,21,5.0,0.0,8.9253,12.707,0.7023923821515698,13.482999999999999,9.0519,0.38799999999999996,23.329639175257732,False,None
2020-03-11,Sofia,21,5.0,0.0,10.4445,18.43,0.5667118827997829,0.679,10.5078,0.38799999999999996,27.0819587628866,False,None
2020-03-11,Sofia,21,5.0,0.0,1.9623,3.686,0.5323657080846446,19.885,2.0256,0.09699999999999999,20.88247422680412,False,None
2020-03-11,Sofia,21,5.0,0.0,10.5711,20.37,0.5189543446244477,10.282000000000002,10.5078,0.38799999999999996,27.0819587628866,False,None
2020-03-11,Sofia,21,5.0,0.0,2.0889,3.589,0.58202842017275,1.4550000000000003,2.0889,,,False,None
2020-03-11,Sofia,21,5.0,0.0,2.8485,5.820000000000001,0.4894329896907215,19.303,3.0384,0.19399999999999998,15.66185567010309,False,None
2020-03-11,Sofia,21,5.0,0.0,7.2795,11.737,0.6202181136576638,9.991,7.342799999999999,0.19399999999999998,37.84948453608247,False,None
2020-03-11,Sofia,21,5.0,0.0,5.064,8.536000000000001,0.5932521087160262,7.468999999999999,4.7475,0.38799999999999996,12.23582474226804,True,None
2020-03-11,Sofia,21,5.0,0.0,3.9246,7.178,0.5467539704653107,5.820000000000001,4.0512,0.19399999999999998,20.88247422680412,False,None
2020-03-11,Sofia,21,5.0,0.0,3.9879,5.917000000000002,0.6739732972790264,0.97,3.7347,0.29100000000000004,12.834020618556698,False,None
2020-03-11,Sofia,21,5.0,0.0,5.5703999999999985,9.797,0.5685822190466469,1.843,5.696999999999999,0.19399999999999998,29.365979381443292,False,None
2020-03-11,Sofia,21,5.0,0.0,10.6977,19.885,0.5379783756600451,3.977,10.6977,0.5820000000000001,18.380927835051548,False,None
2020-03-11,Sofia,21,5.0,0.0,2.3421,4.171,0.5615200191800527,7.468999999999999,2.3421,0.19399999999999998,12.072680412371133,False,None
